0.0000,4.2666,4.2093,13.3658,13.1004,10.2169,2.9831,5.1394,4.0306,14.7193,12.5480,8.7898,2.5394,4.9103,2.7328,16.5244,11.6808,8.8451,2.8106,7.6775,6.4802,14.6923,17.6797,10.8139,2.7060,8.5843,7.9594,16.6828,12.4389,5.8637,3.6797,3.9327,3.4945,15.8788,13.3566,8.3023,3.8957,3.4034,7.4624,15.3202,11.9247,7.9158,6.0748,3.3446,3.2877,16.7573,10.0381,10.9522
5.5894,0.0000,6.8574,11.1807,13.8114,7.0592,5.6312,2.7157,8.2186,11.5201,13.0048,5.6321,6.1078,1.7526,7.5473,14.4217,10.6047,5.6874,4.0427,4.5198,9.2832,12.5071,18.3907,8.3865,1.9889,6.6644,10.7624,12.1355,13.1499,2.7060,2.2780,0.6881,2.6841,13.6937,11.1322,5.1446,2.4940,1.4303,10.1106,13.1351,10.2739,6.2650,6.2891,3.3060,7.4757,14.5722,10.7498,7.7945
4.4569,6.5567,0.0000,12.4706,10.8862,12.5102,2.4164,6.8951,2.8312,12.5051,10.3338,10.2475,4.9753,7.2003,5.3119,14.3102,9.4667,11.1351,5.5300,9.9676,4.2660,13.7970,15.4655,10.7961,5.4254,11.1539,5.7452,14.4686,10.2247,8.1537,5.9698,6.2228,5.2714,14.9836,11.1424,10.5924,6.1857,6.1060,5.6713,14.4250,11.0295,7.8980,7.3313,4.1374,3.9176,15.8621,7.8239,12.1959
14.8552,12.8684,14.9546,0.0000,7.7038,8.1685,13.9709,11.1587,16.6796,4.1421,13.9344,7.5314,15.3736,10.9399,15.5671,3.5331,5.4717,10.7063,14.4657,13.0513,12.0595,4.3572,13.0449,4.4650,12.4118,15.1958,13.5387,3.6022,8.7131,9.2018,12.7010,12.5344,11.9499,2.8050,5.9991,7.8863,12.9169,11.8533,14.0821,3.3129,5.1409,7.3475,16.7120,12.5718,17.7660,3.6836,7.3929,7.8542
13.6688,14.2863,12.6121,7.2602,0.0000,11.8060,11.6284,11.3644,14.3371,3.8389,9.5736,11.1690,14.1873,11.7345,14.3807,6.6107,2.9225,14.3438,14.4231,14.5764,9.7170,8.5866,8.6841,8.2697,13.4102,18.6040,11.1962,6.7691,5.1293,12.1892,13.6994,13.9524,12.1742,9.7732,2.4762,11.5239,13.9153,13.8356,11.7396,9.2146,3.8386,9.1224,17.7104,12.7961,15.4235,10.6517,5.0861,11.4918
11.1365,7.9925,12.4045,7.9103,13.3220,0.0000,11.1783,6.2829,13.7657,9.7482,14.4867,2.3812,11.6549,6.0641,13.0944,11.1514,10.6750,4.1995,9.5899,8.1755,10.7651,9.2368,19.8726,4.3671,7.5360,10.3200,12.2443,11.2205,14.6318,4.7712,7.8252,7.6586,8.2312,10.4233,11.2024,4.1874,8.0411,6.9774,12.7878,9.8647,10.3442,6.0809,11.8362,8.8531,13.0228,11.3018,12.2317,1.9259
2.7149,5.2440,3.9829,12.7634,11.1790,11.1943,0.0000,5.2299,4.7245,12.7979,10.6267,9.7672,3.2333,5.8876,3.4267,14.6031,9.7595,9.8224,3.7880,8.6549,4.5588,14.0899,15.7583,10.4749,3.6833,9.5616,6.0380,14.7614,10.5175,6.8410,4.6570,4.9100,3.6062,15.2764,11.4352,9.2796,4.8730,4.3807,7.2360,14.7178,11.3223,7.5768,6.7688,3.8050,3.9816,16.1550,8.1167,11.8747
6.6528,3.5088,7.9209,10.3526,13.0230,6.2312,5.6391,0.0000,9.2820,11.4372,12.2165,4.8041,7.1712,0.8498,8.6108,13.5937,10.5218,4.8593,5.1062,3.6918,8.4949,11.6791,17.6024,7.5584,3.0523,5.8363,9.9740,12.0526,12.3615,1.3045,3.3415,3.1749,3.7475,12.8656,11.0493,4.3166,3.5574,2.4937,10.5175,12.3070,10.1910,6.1821,7.3525,4.3694,8.5391,13.7442,9.9614,6.9665
4.2680,7.2555,2.1261,14.3102,12.7258,13.2058,4.2560,8.8623,0.0000,14.3447,12.1734,11.7787,4.9071,7.8992,3.9271,16.1498,11.3062,11.8340,5.7607,10.6664,6.1056,15.6366,17.3051,12.6357,5.6949,9.7691,7.5848,16.3082,12.0643,8.8525,6.6686,6.9216,7.1079,16.8231,12.9820,11.2912,6.8845,6.3923,5.3792,16.2646,12.8691,9.7376,5.9464,5.9770,2.5327,17.7017,9.6635,13.9411
15.1605,13.2120,14.1038,4.3669,4.5896,10.1776,13.1201,10.7130,15.8288,0.0000,11.0112,9.5405,15.6789,11.0831,15.8724,3.2468,4.4142,12.7153,13.3488,13.9250,11.2086,5.6934,10.1217,6.4741,12.3359,17.5297,12.6878,2.7707,6.6210,11.2109,12.6251,12.8781,11.0999,5.5937,1.9704,9.8954,12.8411,12.7613,13.2313,6.3213,2.2083,8.4710,16.6361,11.7218,16.9151,6.8457,6.5778,9.8633
12.9110,15.5895,11.8543,12.4629,5.1820,17.5264,10.8706,15.1844,13.5793,8.2658,0.0000,16.8893,13.4295,16.0133,13.6229,8.6060,7.6082,20.1680,15.7263,19.0004,8.9592,13.7893,1.5354,12.9554,14.7134,19.9071,7.7945,8.7644,4.5652,16.4679,15.0026,15.2556,13.4774,12.2768,6.9031,17.2443,15.2185,15.1388,9.3662,14.4173,8.5243,14.8428,19.0136,14.0993,14.6657,12.2050,6.3893,17.2121
8.6438,6.7882,9.9119,6.9623,12.3740,2.6250,7.8885,5.0786,12.5614,8.8002,13.5388,0.0000,9.1623,4.8598,9.3557,10.2034,9.7270,3.4132,8.3855,6.9712,9.8172,8.2888,18.9247,4.1681,6.3317,9.1157,11.2963,10.2725,13.6838,3.1217,6.6208,6.4543,5.7385,9.4753,10.2544,1.8062,6.8368,5.7731,11.8398,8.9167,9.3962,3.5799,10.6319,6.3604,11.8185,10.3539,11.2837,3.3603
1.3250,4.3125,3.6919,14.3842,14.2916,10.2628,4.3033,5.9192,1.9450,15.9106,13.7393,8.8357,0.0000,4.9561,0.9840,17.7157,12.8721,8.8909,2.8176,7.7234,7.6714,17.2025,18.8710,11.5900,2.7518,7.8120,9.1506,17.8740,13.6301,5.9095,3.7255,3.9785,4.1649,16.8972,14.5479,8.3482,3.9415,3.4493,6.9451,17.8305,14.4349,9.3380,3.9893,3.7327,1.2021,17.7758,11.2293,10.9981
5.8575,2.7135,7.1256,10.2654,14.0795,6.1440,5.8993,0.7355,8.4867,10.8400,13.2729,4.7169,6.3759,0.0000,7.8155,13.5065,9.9246,4.7721,4.3109,3.6046,9.5513,11.5919,18.6589,7.4712,2.2570,5.7491,11.0305,13.5756,13.4180,1.2173,2.5462,2.3796,2.9522,12.7784,10.4521,4.2294,2.7621,1.6984,10.3787,12.2198,9.5938,5.5849,6.5572,3.5741,7.7438,13.6570,11.0179,6.8793
0.6147,3.6022,4.4907,13.6739,13.7103,9.5525,3.5930,5.2090,2.7438,13.8453,13.1579,8.1254,3.1493,4.2459,0.0000,17.1344,12.2908,8.1807,2.1074,7.0131,7.0901,15.0004,18.2896,10.8797,2.0416,7.9199,8.5693,17.2927,13.0488,5.1992,3.0153,3.2683,3.4546,16.1869,13.4573,7.6379,3.2312,2.7390,8.0724,15.6284,12.5991,8.6278,2.6608,3.0224,2.0009,17.0655,10.6480,10.2878
16.2878,16.8881,15.2311,4.9294,5.1777,12.0947,14.2474,16.4830,16.9561,6.1140,11.4083,11.4576,16.8062,14.8661,16.9997,0.0000,6.2698,14.6325,17.0249,16.9775,12.3359,8.2834,10.5188,8.3912,16.0120,21.2058,13.8151,2.4508,7.7378,13.1280,16.3012,16.5542,14.7760,5.9632,4.7513,11.8125,16.5171,16.4374,14.3586,7.5704,7.1859,11.2737,20.3122,15.3979,18.0424,5.8915,7.6879,11.7804
12.7142,12.1212,11.6574,5.5179,4.1356,10.0638,10.6737,9.6222,13.3824,3.3787,6.8077,9.4268,13.2326,9.9922,13.4260,6.3319,0.0000,12.6016,12.2580,12.8342,8.7623,6.8444,9.7625,6.5275,11.2451,16.4389,10.2415,5.9384,4.1746,10.4469,11.5343,11.7873,10.0091,8.0309,2.0160,9.7817,11.7502,11.6705,10.7850,7.4724,2.8856,7.3802,15.5453,10.6310,14.4688,8.9095,4.1314,9.7495
10.4460,7.3020,11.7140,10.0882,15.4999,4.1380,10.4878,5.5923,13.0751,11.9261,17.8614,3.1259,10.9644,5.3735,12.4039,13.3292,12.8528,0.0000,8.8993,7.4849,14.1398,11.4146,23.2473,7.2940,6.8454,9.6295,15.6190,13.3983,18.0065,4.0807,7.1346,6.9681,7.5406,12.6012,13.3803,4.4848,7.3506,6.2869,14.9671,12.0426,12.5220,6.7058,11.1457,8.1625,12.3323,13.4797,15.6063,4.8733
5.2879,3.3372,7.3651,13.4089,14.3169,9.2875,5.0827,4.9440,5.6182,13.5803,13.5104,7.8604,5.5593,3.9809,4.9470,17.7410,12.4930,7.9157,0.0000,6.7481,8.5797,14.7354,18.8963,10.6147,1.7766,5.8735,10.0589,14.1957,13.6554,4.9342,1.6429,3.0033,3.1896,15.9219,13.1923,7.3729,2.9662,2.4740,11.0520,15.3634,12.3341,8.3628,3.6887,2.7574,4.8753,16.8005,11.2553,10.0228
7.7322,4.5882,9.0002,11.3435,15.9542,7.2221,7.7740,2.8785,10.3613,13.1814,15.1476,5.7950,8.2506,2.6597,9.6901,14.5846,11.5762,5.8502,6.1855,0.0000,11.4260,12.6700,20.5335,8.5493,4.1316,6.9157,12.9052,14.6537,15.2927,2.8688,4.4208,4.2542,4.8268,13.8565,12.1036,5.3075,4.6368,3.5731,12.2533,13.2979,11.2454,7.2364,8.4319,5.4487,9.6185,14.7351,12.8925,7.9574
6.1271,9.1456,5.0704,10.4272,8.8428,11.0825,4.0867,8.7405,6.7954,10.4618,8.2905,10.4454,6.6456,9.5693,6.8390,12.2669,7.4233,13.7240,7.2002,12.5564,0.0000,11.7537,13.4222,9.3684,7.0956,13.4632,1.9696,12.4252,8.1813,10.0240,8.5586,8.8116,7.0335,12.9402,9.0991,10.8003,8.7746,8.6948,2.5131,12.3817,8.9862,8.3988,10.1810,5.8076,7.8818,13.8188,5.7805,10.7682
16.9549,14.9681,17.0543,3.1120,10.2185,10.2682,16.0706,13.2585,18.7794,6.2418,16.6401,9.6312,17.4734,13.0397,17.6668,6.3531,7.5714,12.8060,16.5655,15.1511,14.1592,0.0000,15.7506,6.5648,14.5116,17.2956,15.6384,6.4222,10.8129,11.3016,14.8008,14.6342,14.0496,5.6250,8.0989,9.9861,15.0167,13.9530,16.1819,0.6767,7.2406,9.4473,18.8118,14.6715,19.8657,6.5036,9.4927,9.9540
13.5617,14.1620,12.5049,11.0354,3.7545,16.0989,11.5212,13.7569,14.2300,6.8383,0.9974,15.4619,14.0801,14.5858,14.2736,7.1785,6.1807,18.7405,14.2988,17.5729,9.6098,12.3619,0.0000,11.5279,13.2859,18.4797,11.0890,7.3369,5.0117,15.0404,13.5751,13.8281,12.0499,10.8493,5.4756,15.8168,13.7910,13.7113,11.6325,12.9898,7.0968,13.4153,17.5861,12.6718,15.3163,10.7775,4.9618,15.7846
11.8294,9.5406,11.5646,3.8948,9.7093,4.8407,10.1065,7.8309,13.2896,5.7327,16.1310,4.2037,12.3478,7.6121,12.5412,7.1358,7.0623,7.3785,11.1379,9.7235,8.7040,5.2212,15.2415,0.0000,9.0840,11.8681,10.1832,7.2049,10.3037,5.8740,9.3732,9.2066,8.9240,6.4078,7.5897,4.5586,9.5892,8.5255,10.7266,5.8492,6.7315,4.0197,13.3842,9.5459,13.0961,7.2863,8.9836,3.4434
4.5582,1.8005,5.8263,11.8723,12.7803,7.7508,4.6001,3.4073,7.1541,12.0436,11.9737,6.3237,5.0767,2.4442,6.4829,16.2043,10.9563,6.3790,2.6961,5.2114,8.2521,13.1987,17.3596,9.0780,0.0000,6.1182,9.7313,12.6590,12.1188,3.3976,0.4180,1.4666,1.6529,14.3853,11.6556,5.8362,1.4295,0.9373,9.0794,13.8267,10.7974,6.8261,5.2246,2.2748,6.4112,15.2638,9.7186,8.4861
7.8938,3.7894,9.9710,15.1880,18.0153,11.0665,9.1002,6.7230,8.2240,17.2787,17.2088,9.6394,10.4284,6.5042,7.5528,18.4290,16.1914,9.6947,4.9361,5.0434,13.9505,16.5144,22.5947,12.3938,5.7942,0.0000,15.4296,17.8941,17.3538,6.7133,5.7744,3.8153,6.8880,17.7010,16.8907,9.1519,5.1714,6.1724,13.6579,17.1424,16.0325,12.0612,6.2946,6.7750,7.4812,18.5795,14.9537,11.8018
7.7064,10.7248,4.3577,12.0065,10.4221,12.6617,5.6659,10.3197,6.9451,12.0410,9.8697,12.0247,8.2248,11.1486,8.4182,13.8461,9.0026,15.3033,8.7795,14.1357,2.9752,13.3329,15.0014,10.9477,8.6748,14.2162,0.0000,14.0045,9.7606,11.6032,10.1379,10.3909,8.6127,14.5195,10.6783,12.3796,10.3538,10.2741,1.7146,13.9609,10.5654,9.9781,10.3935,7.3869,8.0315,15.3980,7.3598,12.3474
16.4572,17.0575,15.4005,2.7823,5.3471,9.9476,14.4168,12.9378,17.1255,6.2834,11.5777,9.3105,16.9756,12.7190,17.1691,1.2558,6.4392,12.4854,17.1943,14.8304,12.5053,6.1363,10.6882,6.2441,16.1814,16.9749,13.9845,0.0000,7.9072,10.9809,16.4706,16.7236,14.9454,4.7560,4.9207,9.6654,16.6865,13.6323,14.5280,6.7643,5.0146,9.1266,20.4816,15.5673,18.2118,4.6843,7.8573,9.6333
9.1485,9.7303,8.0918,6.6037,4.7689,11.6672,7.1081,9.3252,9.8168,6.4088,3.6993,11.0301,9.6669,10.1541,9.8604,8.1929,3.5998,14.3088,9.8671,13.1412,5.1966,7.9301,5.1629,8.7109,8.8542,14.0479,6.6758,8.3513,0.0000,10.6087,9.1434,9.3964,7.6182,9.1167,5.0251,11.3851,9.3593,9.2796,7.2193,8.5581,5.1626,8.9836,13.1544,8.2401,10.9031,9.9952,0.5301,11.3529
7.0659,3.9219,8.3339,8.6625,14.1587,5.1498,7.1077,1.4817,9.6950,10.5004,13.3521,3.1140,7.5843,1.2629,9.0238,11.9036,10.1793,3.7780,5.5192,4.1048,9.6305,9.9890,18.7380,5.8683,3.4653,6.2494,11.1097,11.9727,13.4972,0.0000,3.7545,3.5879,4.1605,11.1755,10.7067,2.6265,3.9705,2.9068,11.5870,10.6169,9.8485,5.2801,7.7655,4.7824,8.9522,12.0541,11.0970,5.8851
4.8806,2.1055,6.1487,12.1772,13.1027,8.0558,4.9225,3.7123,6.7839,12.3660,12.2961,6.6287,5.3991,2.7492,6.1127,16.5267,11.2787,6.6840,3.4959,5.5164,8.5745,13.5037,17.6820,9.3830,0.4180,5.7480,10.0537,12.9814,12.4412,3.7025,0.0000,1.7716,1.9753,14.6902,11.9781,6.1412,0.3978,1.2597,9.4018,14.1317,11.1198,7.1485,4.8544,2.5972,6.0410,15.5688,10.0410,8.7911
5.7975,0.2081,7.0655,11.3888,14.0195,7.2673,5.8393,2.9238,8.4267,11.7282,13.2129,5.8402,6.3159,1.9607,7.7554,14.6299,10.8128,5.8955,4.2508,4.7279,9.4913,12.7153,18.5988,8.5946,2.1970,3.7828,10.9705,12.3436,13.3580,2.9141,2.4861,0.0000,2.8922,13.9018,11.3403,5.3527,2.7021,1.6384,10.3187,13.3432,10.4820,6.4731,6.4972,3.5141,7.6838,14.7803,10.9579,8.0027
2.9223,2.6385,4.1903,11.1730,11.7148,8.5888,2.9641,2.2334,4.9319,10.9781,10.9082,7.1617,3.4407,3.0623,3.6341,15.1388,9.8908,7.2170,2.2658,6.0494,6.4612,12.4995,16.2941,8.6473,1.7624,6.9562,7.9404,11.5935,11.0533,3.5170,2.0516,2.3046,0.0000,13.6860,10.5902,6.6742,2.2675,2.1878,7.4434,13.1274,9.7319,5.7829,6.0626,0.6388,4.1890,14.5646,8.6531,9.3241
17.1508,15.1640,17.2502,3.2988,8.2785,10.4641,16.2665,13.4544,18.9753,6.4377,14.5091,9.8271,17.6693,13.2356,17.8627,4.1078,7.7673,13.0019,16.7613,15.3469,14.3551,2.8628,13.6196,6.7607,14.7075,17.4915,15.8343,4.1769,10.8386,11.4974,14.9966,14.8301,14.2455,0.0000,7.8521,10.1820,15.2126,14.1489,16.3778,2.6748,7.4365,9.6431,19.0077,14.8674,20.0616,1.5671,9.6886,10.1499
13.1902,13.8076,12.1334,6.7815,2.6193,11.3274,11.1497,10.8857,13.8584,2.2880,9.0409,10.6903,13.7086,11.2558,13.9020,4.3159,2.4438,13.8651,13.9444,14.0977,9.2383,8.1080,8.1514,7.7910,12.9315,18.1253,10.7175,4.4743,4.6506,11.7105,13.2207,13.4737,11.6955,7.9867,0.0000,11.0452,13.4366,13.3569,11.2609,8.7359,3.3599,8.6437,17.2317,12.3174,14.9448,7.9149,4.6074,11.0131
8.7628,5.6188,10.0308,7.6782,13.0900,4.8286,8.8046,3.9092,11.3920,9.5162,14.2547,2.1297,9.2812,3.6904,10.7207,10.9193,10.4429,3.4567,7.2162,5.8018,10.5331,9.0047,19.6406,4.8840,5.1623,7.9463,12.0123,10.9884,14.3998,1.9523,5.4515,5.2849,5.8575,10.1912,10.9704,0.0000,5.6674,4.6037,12.5557,9.6327,10.1121,4.2958,9.4625,6.4794,10.6491,11.0698,11.9996,5.5639
5.8276,2.3228,7.9048,12.3945,13.3199,8.2731,5.1398,3.9296,6.1579,12.5833,12.5134,6.8460,5.6164,2.9665,5.4867,16.7440,11.4960,6.9013,2.8699,5.7337,8.7918,13.7210,17.8993,9.6003,1.4974,5.1220,10.2709,13.1987,12.6584,3.9198,1.0790,1.9889,2.1926,14.9075,12.1953,6.3585,0.0000,1.4770,11.5917,14.3490,11.3371,7.3658,4.2284,2.8145,5.4150,15.7861,10.2583,9.0084
4.5742,1.4302,5.8423,11.5020,12.7962,7.3805,4.6160,3.0370,7.2034,12.0596,11.9896,5.9534,5.0926,2.0739,6.5322,16.2203,10.9723,6.0087,3.0276,4.8411,8.2680,12.8284,17.3756,8.7077,0.9737,6.1675,9.7472,12.6750,12.1347,3.0273,1.2629,1.0963,1.6689,14.0150,11.6716,5.4659,1.4788,0.0000,9.0954,13.4564,10.8134,6.8420,5.2739,2.2908,6.4605,14.8935,9.7346,8.1158
8.4827,11.5012,6.4893,12.7828,11.1985,13.4381,6.4423,11.0961,6.8364,12.8174,12.0484,12.8010,9.0012,11.9249,9.3171,14.6225,9.7789,16.0796,9.5558,14.9121,3.7516,14.1093,13.5121,11.7240,9.4512,14.1074,3.1701,14.7809,10.5369,12.3796,10.9142,11.1672,9.3891,15.2958,11.4547,13.1559,12.1314,11.0505,0.0000,14.7373,11.3418,10.7544,10.2848,8.1632,7.9228,16.1744,8.1362,13.1238
17.5829,15.5961,17.6823,3.7400,10.8464,10.8962,16.6986,13.8865,19.4073,6.8698,17.2680,10.2592,18.1013,13.6676,18.2948,6.9811,8.1994,13.4340,17.1934,15.7790,14.7872,0.6767,16.3785,7.1928,15.1395,17.9236,16.2664,7.0502,11.4408,11.9295,15.4287,15.2622,14.6776,2.6344,8.7268,10.6141,15.6447,14.5810,16.8099,0.0000,7.8686,10.0752,19.4398,15.2995,20.4937,3.5680,10.1206,10.5819
13.0425,12.3762,11.9858,5.7730,3.9086,10.3188,11.0021,9.8772,13.7108,1.7550,10.3302,9.6818,13.5610,10.2473,13.7544,6.1050,2.2962,12.8566,12.5130,13.0892,9.0907,7.0994,9.4407,6.7825,11.5001,16.6939,10.5698,6.2633,4.5030,10.7019,11.7893,12.0423,10.2641,8.2859,1.7890,10.0367,12.0052,11.9255,11.1133,7.7274,0.0000,7.6352,15.8003,10.8860,14.7972,9.1645,4.4598,10.0046
7.7785,6.9853,7.9404,7.5974,10.4801,6.5172,6.4097,4.7164,9.7881,8.7484,11.0068,3.9902,8.2970,5.0864,8.4904,10.8384,7.8331,7.1650,7.1221,7.9284,7.5655,8.9238,16.6730,4.8032,6.1092,11.3030,9.0446,9.3638,11.4321,5.5411,6.3984,6.6514,4.8732,10.1104,8.3605,4.3451,6.6143,6.5346,9.5881,9.5518,7.5023,0.0000,10.4094,5.4951,9.0453,10.9889,9.0320,6.2029
4.0028,6.0554,6.0800,16.1272,16.6797,12.0057,6.9811,7.6622,4.3331,16.3159,16.1273,10.5786,6.5374,6.6991,3.6618,20.1037,15.2287,10.6339,3.9733,9.4663,10.0595,17.4536,21.2590,13.3330,4.8314,6.1847,11.5387,16.9313,16.0182,7.6525,4.8117,5.7215,5.9253,18.6402,15.9280,10.0911,4.2087,5.2097,9.7669,18.0816,15.0698,11.0984,0.0000,6.5471,3.5902,19.5187,13.6174,12.7410
2.2834,3.3190,3.5515,12.7079,12.4425,9.2693,2.3252,3.6574,4.2930,14.0614,11.8902,7.8422,2.8019,3.9627,2.9953,15.8666,11.0230,7.8975,3.3565,6.7299,5.8223,14.0344,17.0218,10.1560,3.2519,7.6367,7.3015,16.0249,11.7810,4.9161,2.7321,2.9851,2.0337,15.2209,12.6987,7.3547,2.9481,2.8683,6.8046,14.6624,11.2669,7.2579,6.3373,0.0000,3.5502,16.0995,9.3802,11.5558
2.4393,5.4268,3.2956,15.4796,13.8952,11.3771,5.4177,7.0336,1.5486,15.5142,13.3429,9.9500,4.9739,6.0705,2.0984,17.3193,12.4757,10.0053,3.9320,8.8377,7.2751,16.8061,18.4746,12.7044,3.8662,7.9404,8.7542,17.4776,13.2337,7.0239,4.8399,5.0929,5.2792,17.9926,14.1515,9.4625,5.0558,4.5636,6.5487,17.4341,14.0386,10.4524,4.1177,4.8470,0.0000,18.8712,10.8329,12.1124
17.7346,15.7478,17.8340,3.8826,8.1136,11.0479,16.8503,14.0382,19.5591,7.0215,14.3442,10.4109,18.2531,13.8194,18.4465,3.9429,8.3511,13.5857,17.3452,15.9308,14.9389,7.2367,13.4547,7.3445,15.2913,18.0753,16.4181,4.0120,10.6737,12.0813,15.5805,15.4139,14.8293,1.5671,7.6872,10.7658,15.7964,14.7327,16.9616,3.8904,8.0203,10.2270,19.5915,15.4512,20.6454,0.0000,10.2724,10.7337
8.8881,9.9844,7.8314,7.6723,6.0879,11.9213,6.8477,9.5793,9.5564,7.7069,4.5557,11.2842,9.4066,10.4082,9.6000,9.5120,4.6684,14.5628,8.9983,13.3953,4.9363,8.9988,6.0193,9.7795,9.1083,14.3020,6.4155,9.6703,1.3022,10.8628,9.3974,9.6504,7.8723,10.1853,6.3442,11.6391,9.6134,9.5337,6.9589,9.6268,6.2313,9.2376,13.4085,7.3560,10.6428,11.0639,0.0000,11.6070
12.1528,9.0088,13.0693,7.3538,12.7655,1.8209,11.6112,7.2991,14.7819,9.1917,13.9303,3.3975,12.6712,7.0803,14.1107,10.5949,10.1185,5.2157,10.6061,9.1917,10.2087,8.6803,19.3162,3.4434,8.5522,11.3363,11.6878,10.6640,14.0753,5.7875,8.8414,8.6749,9.2474,9.8668,10.6459,5.2037,9.0574,7.9937,12.2313,9.3083,9.7877,5.5244,12.8525,9.8693,14.0391,10.7454,11.6752,0.0000
