algorithm,seed,hypervolume,n_nondominated
SA,1,0.7215898760162016,3
SA,2,0.781624773371123,2
SA,3,0.6882724807886994,3
SA,4,0.6982382600446044,2
SA,5,0.6977888764202684,3
SA,6,0.754080312299343,3
SA,7,0.7693468321489254,3
SA,8,0.6649813024803622,4
SA,9,0.6847022203511512,3
SA,10,0.7189432162828288,4
SA,11,0.7630088964391137,2
SA,12,0.7361460759392273,2
SA,13,0.6711687487413529,2
SA,14,0.7523746329576021,3
SA,15,0.7059858921795117,2
SA,16,0.6578591607937232,2
SA,17,0.7839862244651968,3
SA,18,0.7606616388692524,2
SA,19,0.7307603257645009,2
SA,20,0.6262268970150401,2
SA,21,0.7210414831840801,3
SA,22,0.6501022997214311,3
SA,23,0.7098902938420798,3
SA,24,0.6938029492868645,2
SA,25,0.7103971005353601,4
SA,26,0.7070780436503418,4
SA,27,0.650785291246109,2
SA,28,0.6913410311561541,3
SA,29,0.7136412926013669,2
SA,30,0.7579075350729392,2
GA,1,0.775872447626034,3
GA,2,0.7776615437461417,4
GA,3,0.7841061745027145,3
GA,4,0.7770690652612056,4
GA,5,0.7860475204220752,2
GA,6,0.7719794253667894,2
GA,7,0.7760217542073237,4
GA,8,0.7756805792343572,4
GA,9,0.7586517500100382,3
GA,10,0.7764615332507435,4
GA,11,0.801925256116699,4
GA,12,0.7834076906206083,4
GA,13,0.7950728744567273,3
GA,14,0.7728952799877609,2
GA,15,0.7845504784670664,2
GA,16,0.7690805573507702,3
GA,17,0.8040758568685109,3
GA,18,0.7803392262286031,3
GA,19,0.7922503968110501,2
GA,20,0.7802981535013825,5
GA,21,0.7614408638261562,4
GA,22,0.7971925887616125,3
GA,23,0.7658618896163631,2
GA,24,0.7475570431135998,2
GA,25,0.7656316773818379,3
GA,26,0.7919546112965032,2
GA,27,0.7575978835500796,4
GA,28,0.788178481214033,4
GA,29,0.7798745955837423,2
GA,30,0.7841505592186702,4
ACO,1,0.7796151601592752,4
ACO,2,0.7843728348062455,2
ACO,3,0.8014183646940578,4
ACO,4,0.8018042881890435,3
ACO,5,0.7837528272572422,4
ACO,6,0.794714566180914,4
ACO,7,0.7945800194053264,3
ACO,8,0.7976626440810005,3
ACO,9,0.7843591616953117,3
ACO,10,0.7979626266599028,4
ACO,11,0.7919858605477759,2
ACO,12,0.7873294701873896,3
ACO,13,0.7862541907838642,3
ACO,14,0.7994619623435337,4
ACO,15,0.7998708622422744,4
ACO,16,0.7948307017792694,3
ACO,17,0.7831860703694222,4
ACO,18,0.7807770955511703,2
ACO,19,0.7925242767584709,4
ACO,20,0.8043212356744178,3
ACO,21,0.8015785570380329,4
ACO,22,0.7942289410313116,4
ACO,23,0.7951656183427069,3
ACO,24,0.8132080847337466,2
ACO,25,0.7878652355511092,5
ACO,26,0.791713045343437,4
ACO,27,0.790866731158527,3
ACO,28,0.7911780880350479,2
ACO,29,0.8013244389218208,4
ACO,30,0.790557946186996,2
NSGA-II,1,0.7959999110817796,24
NSGA-II,2,0.7958820068950201,21
NSGA-II,3,0.8222362163426625,49
NSGA-II,4,0.8209226944397631,26
NSGA-II,5,0.8204867116990257,43
NSGA-II,6,0.8145472315141963,39
NSGA-II,7,0.8229815793762597,35
NSGA-II,8,0.8360931292397946,38
NSGA-II,9,0.8259388860958761,42
NSGA-II,10,0.8286837058183745,34
NSGA-II,11,0.8367542626763493,30
NSGA-II,12,0.8091634708415424,34
NSGA-II,13,0.8258852821560858,24
NSGA-II,14,0.8257691322539821,33
NSGA-II,15,0.8141814873277137,39
NSGA-II,16,0.8290685469213741,50
NSGA-II,17,0.8362868180617158,42
NSGA-II,18,0.8310483640968266,32
NSGA-II,19,0.8266746292822627,21
NSGA-II,20,0.8235125836837126,21
NSGA-II,21,0.839568817754477,43
NSGA-II,22,0.8366245915512424,26
NSGA-II,23,0.8200166559516102,21
NSGA-II,24,0.8191984355755776,49
NSGA-II,25,0.820899615654093,41
NSGA-II,26,0.8049794322088386,25
NSGA-II,27,0.8278990159728961,28
NSGA-II,28,0.8359293796459806,32
NSGA-II,29,0.8298964783927611,43
NSGA-II,30,0.8206534332166986,38
Greedy,0,0.5810560978356324,4
