cost_rp,mean_arrival_min,makespan_min,km,n_vehicles
117689.71428571428,20.495514285714286,50.6383,164.76559999999998,16
117784.42857142854,20.396345238095236,50.6383,164.89819999999995,16
118188.14285714286,20.383016666666666,50.6383,165.46339999999998,16
118205.92857142855,20.3717,50.6383,165.48829999999995,16
118282.85714285716,20.283847619047613,50.6383,165.596,16
118438.21428571426,19.642980952380952,50.6383,165.81349999999995,17
118532.92857142857,19.543811904761903,50.6383,165.94609999999997,17
118614.57142857142,19.50726428571429,50.6383,166.0604,17
118881.2857142857,19.477226190476184,50.6383,166.43379999999996,17
118976.07142857139,19.451114285714283,50.6383,166.56649999999993,17
119031.35714285712,19.431314285714286,50.6383,166.64389999999995,17
119057.71428571428,19.414566666666673,50.6383,166.68079999999998,17
119452.85714285712,19.406669047619044,50.6383,167.23399999999995,17
119474.49999999994,19.338616666666663,50.6383,167.2642999999999,17
119771.21428571429,19.334323809523806,50.6383,167.6797,17
120109.42857142858,19.315402380952385,50.6383,168.1532,17
120155.21428571425,19.071707142857143,50.6383,168.21729999999994,18
120249.92857142855,18.972538095238093,50.6383,168.34989999999996,18
120356.57142857142,18.53369047619048,50.6383,168.49919999999997,18
120799.71428571429,18.440992857142856,50.6383,169.1196,18
121203.42857142855,18.427664285714282,50.6383,169.68479999999997,18
121298.14285714284,18.328495238095236,50.6383,169.81739999999996,18
122005.42857142852,18.321114285714284,50.6383,170.80759999999992,18
122060.42857142855,18.30063571428571,50.6383,170.88459999999995,18
122580.2142857143,18.281509523809525,47.3233,171.6123,18
122627.0714285714,18.24293571428571,47.1733,171.67789999999997,18
122739.99999999996,18.2236119047619,49.2749,171.83599999999993,18
122902.49999999999,18.14218333333334,47.3233,172.06349999999998,18
122993.50000000003,18.13543333333334,47.3233,172.19090000000003,18
123238.64285714284,18.126033333333332,47.1733,172.53409999999997,18
123267.85714285714,18.04345,47.1733,172.575,18
123393.42857142858,17.963809523809527,47.1733,172.7508,18
123645.42857142858,17.884323809523803,47.1733,173.1036,18
123836.57142857143,17.871111904761907,44.150000000000006,173.3712,18
124066.92857142858,17.859678571428564,47.1733,173.6937,18
124088.57142857145,17.791626190476183,44.150000000000006,173.72400000000002,18
124334.99999999994,17.758614285714287,44.150000000000006,174.0689999999999,18
125042.28571428567,17.75500476190476,44.150000000000006,175.05919999999992,18
125097.28571428572,17.73075476190476,44.150000000000006,175.1362,18
125803.21428571428,17.668135714285718,47.1733,176.12449999999998,18
126055.2142857143,17.58864999999999,47.1733,176.4773,18
126246.35714285713,17.575438095238095,44.150000000000006,176.74489999999997,18
126476.7142857143,17.56400476190475,47.1733,177.06740000000002,18
126498.35714285717,17.495952380952374,44.150000000000006,177.09770000000003,18
127046.9285714285,17.48035952380953,44.150000000000006,177.8656999999999,18
127143.71428571426,17.478738095238093,44.150000000000006,178.00119999999995,18
127452.0714285714,17.459330952380952,44.150000000000006,178.43289999999996,18
127809.21428571429,17.452500000000004,44.150000000000006,178.9329,18
127905.99999999999,17.450878571428568,44.150000000000006,179.06839999999997,18
128214.35714285713,17.431471428571427,44.150000000000006,179.50009999999997,18
128589.07142857139,17.409126190476186,44.235,180.02469999999994,18
129238.7142857143,17.405797619047615,44.150000000000006,180.9342,18
129296.35714285712,17.40551666666666,44.235,181.01489999999995,18
129351.35714285712,17.38126666666666,44.235,181.09189999999995,18
130058.64285714284,17.377657142857135,44.235,182.08209999999997,18
130239.14285714288,17.363533333333326,44.150000000000006,182.33480000000003,18
