scenario,value,seed,fitness,cost_rp,km,mean_arrival_min,makespan_min,n_vehicles,feasible,late_min
kapasitas,1,1,1.0636961198955812,232476.5714285713,325.4671999999998,5.215161904761904,10.5333,42,True,0.0
kapasitas,1,2,1.0636961198955812,232476.5714285713,325.4671999999998,5.215161904761904,10.5333,42,True,0.0
kapasitas,1,3,1.0636961198955814,232476.57142857136,325.4671999999999,5.215161904761903,10.5333,42,True,0.0
kapasitas,1,4,1.0636961198955812,232476.5714285713,325.4671999999998,5.215161904761904,10.5333,42,True,0.0
kapasitas,1,5,1.0636961198955814,232476.57142857136,325.4671999999999,5.215161904761904,10.5333,42,True,0.0
kapasitas,2,1,1.5974538848889688,151927.85714285707,212.6989999999999,12.31607380952381,27.1783,24,True,0.0
kapasitas,2,2,1.600913259103793,151913.28571428568,212.67859999999993,12.35055714285714,27.1783,24,True,0.0
kapasitas,2,3,1.6083099004469932,151607.8571428572,212.25100000000003,12.430523809523807,26.555,24,True,0.0
kapasitas,2,4,1.6016389832001212,149661.2142857143,209.52569999999997,12.40892857142857,27.1783,24,True,0.0
kapasitas,2,5,1.5993682092264987,150886.21428571423,211.24069999999992,12.358657142857144,27.1783,24,True,0.0
kapasitas,3,1,2.072535194377857,131239.50000000003,183.73530000000002,17.476628571428563,44.150000000000006,18,True,0.0
kapasitas,3,2,2.1022623325479133,134057.4285714286,187.68040000000005,17.706030952380946,44.150000000000006,18,True,0.0
kapasitas,3,3,2.0898396794683394,134826.14285714287,188.7566,17.565911904761897,44.150000000000006,18,True,0.0
kapasitas,3,4,2.09862728596227,136603.0,191.2442,17.61226428571428,44.235,18,True,0.0
kapasitas,3,5,2.0826451143146443,133491.21428571432,186.88770000000005,17.525238095238088,44.235,18,True,0.0
kapasitas,4,1,2.072535194377857,131239.50000000003,183.73530000000002,17.476628571428563,44.150000000000006,18,True,0.0
kapasitas,4,2,2.1022623325479133,134057.4285714286,187.68040000000005,17.706030952380946,44.150000000000006,18,True,0.0
kapasitas,4,3,2.0898396794683394,134826.14285714287,188.7566,17.565911904761897,44.150000000000006,18,True,0.0
kapasitas,4,4,2.09862728596227,136603.0,191.2442,17.61226428571428,44.235,18,True,0.0
kapasitas,4,5,2.0826451143146443,133491.21428571432,186.88770000000005,17.525238095238088,44.235,18,True,0.0
macet,1,1,2.072535194377857,131239.50000000003,183.73530000000002,17.476628571428563,44.150000000000006,18,True,0.0
macet,1,2,2.1022623325479133,134057.4285714286,187.68040000000005,17.706030952380946,44.150000000000006,18,True,0.0
macet,1,3,2.0898396794683394,134826.14285714287,188.7566,17.565911904761897,44.150000000000006,18,True,0.0
macet,1,4,2.09862728596227,136603.0,191.2442,17.61226428571428,44.235,18,True,0.0
macet,1,5,2.0826451143146443,133491.21428571432,186.88770000000005,17.525238095238088,44.235,18,True,0.0
macet,2,1,1.5199140311124633,129773.0,181.6822,24.108652380952375,58.300000000000004,18,True,0.0
macet,2,2,1.5317689772368617,131509.7857142857,184.11369999999997,24.26374285714285,58.47,18,True,0.0
macet,2,3,1.5262821039052985,132307.64285714287,185.2307,24.119123809523806,58.300000000000004,18,True,0.0
macet,2,4,1.5271354973514035,127838.50000000006,178.97390000000007,24.33920952380952,58.300000000000004,18,True,0.0
macet,2,5,1.536291600349626,132283.3571428571,185.19669999999994,24.317861904761894,59.016799999999996,18,True,0.0
macet,4,1,1.2596602513129118,133590.9285714286,187.02730000000005,37.59283809523808,86.60000000000001,18,True,0.0
macet,4,2,1.2535646874660422,132246.1428571429,185.14460000000005,37.474438095238085,86.94,18,True,0.0
macet,4,3,1.2602728870203195,132432.50000000003,185.40550000000005,37.72239047619047,86.60000000000001,18,True,0.0
macet,4,4,1.276380305736273,137345.71428571426,192.28399999999993,37.91159999999999,82.75999999999999,18,True,0.0
macet,4,5,1.2611450043086574,133313.78571428577,186.63930000000005,37.67667619047618,86.60000000000001,18,True,0.0
macet,6,1,1.1670731243033783,128878.64285714283,180.43009999999995,51.547842857142854,114.9,18,True,0.0
macet,6,2,1.1588510076103256,127633.28571428568,178.68659999999994,51.230714285714264,113.61959999999999,18,True,0.0
macet,6,3,1.1635673964280988,129888.50000000004,181.84390000000005,51.20241428571427,115.41,18,True,0.0
macet,6,4,1.158481938278909,130677.5,182.9485,50.79354285714283,114.9,18,True,0.0
macet,6,5,1.155081294889711,127146.92857142855,178.00569999999996,51.073771428571426,123.4296,18,True,0.0
macet,8,1,1.111680958229035,130324.07142857145,182.45370000000003,64.09274285714284,143.2,18,True,0.0
macet,8,2,1.1095166080713632,125771.71428571429,176.0804,64.74988571428571,143.2,18,True,0.0
macet,8,3,1.1232973554503427,132108.07142857145,184.95130000000003,64.68567619047617,141.4928,18,True,0.0
macet,8,4,1.128840985851029,136342.07142857145,190.87890000000002,64.35333333333332,143.2,18,True,0.0
macet,8,5,1.1191846784856914,129901.57142857138,181.86219999999992,64.76222857142855,139.4272,18,True,0.0
macet,10,1,1.0866420774932828,126407.92857142858,176.9711,78.53445238095236,169.36599999999999,18,True,0.0
macet,10,2,1.0845144750913747,127675.92857142858,178.7463,78.03609523809521,171.5,18,True,0.0
macet,10,3,1.082674338439819,125588.57142857142,175.82399999999998,78.32904761904759,175.084,18,True,0.0
macet,10,4,1.102190805965951,130886.00000000007,183.24040000000008,79.05126190476189,172.34999999999997,18,True,0.0
macet,10,5,1.0900998430473035,131777.78571428568,184.48889999999994,77.65483333333331,175.084,18,True,0.0
km_per_liter,10,1,2.0684369480893876,183755.69999999998,183.7557,17.435838095238086,44.150000000000006,18,True,0.0
km_per_liter,10,2,2.1032522630626316,189467.10000000003,189.46710000000004,17.6867857142857,44.150000000000006,18,True,0.0
km_per_liter,10,3,2.0811588742332416,183375.1,183.3751,17.567614285714278,44.150000000000006,18,True,0.0
km_per_liter,10,4,2.090660029197476,190613.50000000003,190.61350000000002,17.54385238095238,44.508399999999995,18,True,0.0
km_per_liter,10,5,2.0894334080011823,190867.70000000007,190.86770000000007,17.52761428571428,43.9366,18,True,0.0
km_per_liter,14,1,2.072535194377857,131239.50000000003,183.73530000000002,17.476628571428563,44.150000000000006,18,True,0.0
km_per_liter,14,2,2.1022623325479133,134057.4285714286,187.68040000000005,17.706030952380946,44.150000000000006,18,True,0.0
km_per_liter,14,3,2.0898396794683394,134826.14285714287,188.7566,17.565911904761897,44.150000000000006,18,True,0.0
km_per_liter,14,4,2.09862728596227,136603.0,191.2442,17.61226428571428,44.235,18,True,0.0
km_per_liter,14,5,2.0826451143146443,133491.21428571432,186.88770000000005,17.525238095238088,44.235,18,True,0.0
