0.0000,4.2666,4.2093,2.9831,5.1394,4.0306,2.5394,4.9103,2.7328,2.8106,7.6775,6.4802,2.7060,8.5843,7.9594,3.6797,3.9327,3.4945,3.8957,3.4034,7.4624
5.5894,0.0000,6.8574,5.6312,2.7157,8.2186,6.1078,1.7526,7.5473,4.0427,4.5198,9.2832,1.9889,6.6644,10.7624,2.2780,0.6881,2.6841,2.4940,1.4303,10.1106
4.4569,6.5567,0.0000,2.4164,6.8951,2.8312,4.9753,7.2003,5.3119,5.5300,9.9676,4.2660,5.4254,11.1539,5.7452,5.9698,6.2228,5.2714,6.1857,6.1060,5.6713
2.7149,5.2440,3.9829,0.0000,5.2299,4.7245,3.2333,5.8876,3.4267,3.7880,8.6549,4.5588,3.6833,9.5616,6.0380,4.6570,4.9100,3.6062,4.8730,4.3807,7.2360
6.6528,3.5088,7.9209,5.6391,0.0000,9.2820,7.1712,0.8498,8.6108,5.1062,3.6918,8.4949,3.0523,5.8363,9.9740,3.3415,3.1749,3.7475,3.5574,2.4937,10.5175
4.2680,7.2555,2.1261,4.2560,8.8623,0.0000,4.9071,7.8992,3.9271,5.7607,10.6664,6.1056,5.6949,9.7691,7.5848,6.6686,6.9216,7.1079,6.8845,6.3923,5.3792
1.3250,4.3125,3.6919,4.3033,5.9192,1.9450,0.0000,4.9561,0.9840,2.8176,7.7234,7.6714,2.7518,7.8120,9.1506,3.7255,3.9785,4.1649,3.9415,3.4493,6.9451
5.8575,2.7135,7.1256,5.8993,0.7355,8.4867,6.3759,0.0000,7.8155,4.3109,3.6046,9.5513,2.2570,5.7491,11.0305,2.5462,2.3796,2.9522,2.7621,1.6984,10.3787
0.6147,3.6022,4.4907,3.5930,5.2090,2.7438,3.1493,4.2459,0.0000,2.1074,7.0131,7.0901,2.0416,7.9199,8.5693,3.0153,3.2683,3.4546,3.2312,2.7390,8.0724
5.2879,3.3372,7.3651,5.0827,4.9440,5.6182,5.5593,3.9809,4.9470,0.0000,6.7481,8.5797,1.7766,5.8735,10.0589,1.6429,3.0033,3.1896,2.9662,2.4740,11.0520
7.7322,4.5882,9.0002,7.7740,2.8785,10.3613,8.2506,2.6597,9.6901,6.1855,0.0000,11.4260,4.1316,6.9157,12.9052,4.4208,4.2542,4.8268,4.6368,3.5731,12.2533
6.1271,9.1456,5.0704,4.0867,8.7405,6.7954,6.6456,9.5693,6.8390,7.2002,12.5564,0.0000,7.0956,13.4632,1.9696,8.5586,8.8116,7.0335,8.7746,8.6948,2.5131
4.5582,1.8005,5.8263,4.6001,3.4073,7.1541,5.0767,2.4442,6.4829,2.6961,5.2114,8.2521,0.0000,6.1182,9.7313,0.4180,1.4666,1.6529,1.4295,0.9373,9.0794
7.8938,3.7894,9.9710,9.1002,6.7230,8.2240,10.4284,6.5042,7.5528,4.9361,5.0434,13.9505,5.7942,0.0000,15.4296,5.7744,3.8153,6.8880,5.1714,6.1724,13.6579
7.7064,10.7248,4.3577,5.6659,10.3197,6.9451,8.2248,11.1486,8.4182,8.7795,14.1357,2.9752,8.6748,14.2162,0.0000,10.1379,10.3909,8.6127,10.3538,10.2741,1.7146
4.8806,2.1055,6.1487,4.9225,3.7123,6.7839,5.3991,2.7492,6.1127,3.4959,5.5164,8.5745,0.4180,5.7480,10.0537,0.0000,1.7716,1.9753,0.3978,1.2597,9.4018
5.7975,0.2081,7.0655,5.8393,2.9238,8.4267,6.3159,1.9607,7.7554,4.2508,4.7279,9.4913,2.1970,3.7828,10.9705,2.4861,0.0000,2.8922,2.7021,1.6384,10.3187
2.9223,2.6385,4.1903,2.9641,2.2334,4.9319,3.4407,3.0623,3.6341,2.2658,6.0494,6.4612,1.7624,6.9562,7.9404,2.0516,2.3046,0.0000,2.2675,2.1878,7.4434
5.8276,2.3228,7.9048,5.1398,3.9296,6.1579,5.6164,2.9665,5.4867,2.8699,5.7337,8.7918,1.4974,5.1220,10.2709,1.0790,1.9889,2.1926,0.0000,1.4770,11.5917
4.5742,1.4302,5.8423,4.6160,3.0370,7.2034,5.0926,2.0739,6.5322,3.0276,4.8411,8.2680,0.9737,6.1675,9.7472,1.2629,1.0963,1.6689,1.4788,0.0000,9.0954
8.4827,11.5012,6.4893,6.4423,11.0961,6.8364,9.0012,11.9249,9.3171,9.5558,14.9121,3.7516,9.4512,14.1074,3.1701,10.9142,11.1672,9.3891,12.1314,11.0505,0.0000
