0.0000,5.7383,4.3467,3.7450,6.1550,4.3850,3.9783,5.8900,2.7717,3.4500,8.4733,6.8850,3.2250,12.1283,8.3750,4.3933,5.2683,4.2583,4.4800,4.2767,8.7317
6.3217,0.0000,7.1633,6.6833,3.4217,7.7583,7.8267,3.0550,6.8050,4.8783,5.6383,9.4217,3.0417,8.8967,10.9117,3.0167,2.5033,2.9967,3.1033,2.1817,11.5483
5.1583,8.6017,0.0000,3.3783,8.1583,3.2783,6.6633,8.7533,5.0217,6.3467,11.3367,4.7517,6.1217,13.8650,6.2417,7.1667,8.1317,6.1817,7.2533,7.5833,7.0283
3.7783,7.2550,4.7567,0.0000,7.2400,5.6900,5.2833,7.4067,4.0767,4.9667,9.9900,6.3000,4.7417,13.6450,7.7900,5.9100,6.7850,5.2633,5.9967,5.7933,9.1417
7.0883,4.8967,7.9300,7.2717,0.0000,8.5250,8.5933,1.8800,7.5717,5.6450,4.8750,9.1500,3.8083,8.1333,10.6400,3.7833,4.4267,3.7633,3.8700,2.9483,11.7883
4.8983,8.7717,2.6750,5.1850,9.2900,0.0000,6.9400,8.9233,4.4700,6.5783,11.5067,6.5583,6.2583,13.3133,8.0483,7.4267,8.3017,7.3733,7.5133,7.3100,7.1800
1.9600,5.8333,3.5500,5.3483,6.3517,2.7417,0.0000,5.9850,1.5317,3.6400,8.5683,7.4333,3.3200,11.2417,8.9233,4.4883,5.3633,4.4350,4.5750,4.3717,8.0550
6.8283,4.6367,7.6700,7.1900,2.6517,8.2650,8.3333,0.0000,7.3117,5.3850,5.1667,9.9283,3.5483,8.4250,11.4183,3.5233,4.1667,3.5033,3.6100,2.6883,12.0550
1.0217,4.8950,4.3550,4.4100,5.4133,3.5467,4.6433,5.0467,0.0000,2.7017,7.6300,7.5500,2.3817,11.2850,9.0400,3.5500,4.4250,3.4967,3.6367,3.4333,9.3967
5.4000,5.2050,6.7333,6.7983,5.7233,5.9250,7.9417,5.3567,4.9717,0.0000,7.9400,9.9383,2.6917,9.8833,11.4283,3.0383,4.7350,3.8067,3.9467,3.7433,11.0200
9.0250,6.8333,9.8667,9.3867,4.6183,10.4617,10.5300,4.6317,9.5083,7.5817,0.0000,12.1250,5.7450,10.1383,13.6150,5.7200,6.3633,5.7000,5.8067,4.8850,14.2517
7.1317,10.1500,5.4083,5.3517,9.1500,7.0950,8.6367,10.2017,7.4300,8.3200,12.8850,0.0000,8.0950,16.4500,2.8633,8.7150,9.6800,7.1100,8.8017,9.1317,4.0117
5.1950,3.2683,6.0367,5.5567,3.7867,6.6650,6.7000,3.4200,5.7117,3.5400,6.0033,8.2950,0.0000,9.6583,9.7850,1.1417,2.7983,1.8700,2.0100,1.8067,10.4217
10.3900,8.3683,11.7233,13.2017,8.8900,10.9150,14.0117,8.9033,9.9617,8.3433,8.4600,15.6067,9.0950,0.0000,17.0967,8.7067,8.8300,9.2400,8.3133,9.1767,16.0100
8.7150,11.7333,6.5933,6.9350,10.7333,8.0233,10.2200,11.7850,9.0133,9.9033,14.4683,5.1650,9.6783,16.9750,0.0000,10.2983,11.2633,8.6933,10.3850,10.7150,2.9300
5.6617,3.8050,6.5033,6.0233,4.3233,6.6050,7.1667,3.9567,5.6517,4.1517,6.5400,8.7617,1.1950,9.5983,10.2517,0.0000,3.3350,2.3367,1.2083,2.2733,10.8883
7.3167,0.9950,8.1583,7.6783,4.4167,8.7533,8.8217,4.0500,7.8000,5.8733,6.6333,10.4167,4.0367,9.6750,11.9067,4.0117,0.0000,3.9917,4.0983,3.1767,12.5433
3.5583,3.8850,4.4000,3.9200,2.8567,5.4700,5.0633,3.9083,3.8567,2.9900,6.6200,7.0600,2.6100,10.1850,8.5500,2.4500,3.4150,0.0000,2.5367,2.8667,8.7850
5.4467,3.7933,6.7800,6.0117,4.3117,5.9717,7.1550,3.9450,5.0183,3.5183,6.5283,8.7500,2.4783,8.9650,10.2400,1.7917,3.3233,2.3250,0.0000,2.2617,11.0667
5.3133,3.1217,6.1550,5.6750,3.6400,6.7500,6.8183,3.2733,5.7967,3.8700,5.8567,8.4133,2.0333,9.7433,9.9033,2.0083,2.6517,1.9883,2.0950,0.0000,10.5400
10.1700,13.1883,7.6283,8.3900,12.1883,8.4467,11.6750,13.2400,10.1900,11.3583,15.9233,6.6200,11.1333,17.3983,4.7983,11.7533,12.7183,10.1483,11.7267,12.1700,0.0000
