instance,algorithm,w,seed,fitness,cost_rp,mean_arrival_min,makespan_min,km,liter,n_vehicles,feasible,runtime_s,n_evals
surabaya_utara,ACO,0.0,1,3.2087046666318355,64172.785714285725,12.965555555555554,28.3333,89.84190000000001,6.4172785714285725,9,True,39.63387310000144,20000
surabaya_utara,ACO,0.0,2,3.2087046666318355,64172.785714285725,12.965555555555554,28.3333,89.84190000000001,6.4172785714285725,9,True,39.83005000000048,20000
surabaya_utara,ACO,0.0,3,3.208704666631835,64172.7857142857,12.965555555555552,28.3333,89.84189999999998,6.41727857142857,9,True,39.982929600000716,20000
surabaya_utara,ACO,0.0,4,3.2087046666318355,64172.7857142857,12.965555555555554,28.3333,89.84189999999998,6.41727857142857,9,True,39.964898000000176,20000
surabaya_utara,ACO,0.0,5,3.208704666631835,64172.785714285725,12.965555555555552,28.3333,89.84190000000001,6.4172785714285725,9,True,39.84319050000158,20000
surabaya_utara,ACO,0.0,6,3.208704666631835,64172.785714285725,12.965555555555552,28.3333,89.84190000000001,6.4172785714285725,9,True,40.11648100000093,20000
surabaya_utara,ACO,0.0,7,3.2003178732191806,63275.42857142859,12.931666666666665,27.1783,88.58560000000001,6.327542857142858,9,True,39.73709659999986,20000
surabaya_utara,ACO,0.0,8,3.208704666631835,64172.785714285725,12.965555555555552,28.3333,89.84190000000001,6.4172785714285725,9,True,40.36518520000027,20000
surabaya_utara,ACO,0.0,9,3.2087046666318355,64172.78571428572,12.965555555555554,28.3333,89.8419,6.417278571428571,9,True,39.46616399999948,20000
surabaya_utara,ACO,0.0,10,3.2087046666318355,64172.7857142857,12.965555555555554,28.3333,89.84189999999998,6.41727857142857,9,True,40.142586400001164,20000
surabaya_utara,ACO,0.0,11,3.2087046666318355,64172.7857142857,12.965555555555554,28.3333,89.84189999999998,6.41727857142857,9,True,37.283597999999984,20000
surabaya_utara,ACO,0.0,12,3.2003178732191806,63275.42857142859,12.931666666666665,27.1783,88.58560000000001,6.327542857142858,9,True,36.703839300000254,20000
surabaya_utara,ACO,0.0,13,3.2087046666318355,64172.785714285725,12.965555555555554,28.3333,89.84190000000001,6.4172785714285725,9,True,33.008980200000224,20000
surabaya_utara,ACO,0.0,14,3.208704666631835,64172.78571428572,12.965555555555552,28.3333,89.8419,6.417278571428571,9,True,32.90357260000019,20000
surabaya_utara,ACO,0.0,15,3.2003178732191806,63275.428571428565,12.931666666666665,27.1783,88.58559999999999,6.3275428571428565,9,True,33.24561240000003,20000
surabaya_utara,ACO,0.0,16,3.20309101458202,62121.78571428571,12.942872222222219,26.48,86.97049999999999,6.212178571428571,9,True,32.76011930000095,20000
surabaya_utara,ACO,0.0,17,3.2087046666318355,64172.7857142857,12.965555555555554,28.3333,89.84189999999998,6.41727857142857,9,True,32.82396630000039,20000
surabaya_utara,ACO,0.0,18,3.2087046666318355,64172.7857142857,12.965555555555554,28.3333,89.84189999999998,6.41727857142857,9,True,32.952101999999286,20000
surabaya_utara,ACO,0.0,19,3.2087046666318355,64172.7857142857,12.965555555555554,28.3333,89.84189999999998,6.41727857142857,9,True,26.55792880000081,20000
surabaya_utara,ACO,0.0,20,3.2003178732191806,63275.42857142859,12.931666666666665,27.1783,88.58560000000001,6.327542857142858,9,True,26.709319600000526,20000
surabaya_utara,ACO,0.0,21,3.208704666631835,64172.7857142857,12.965555555555552,28.3333,89.84189999999998,6.41727857142857,9,True,22.39467069999955,20000
surabaya_utara,ACO,0.0,22,3.2079938515180086,62391.35714285713,12.962683333333331,27.1783,87.34789999999998,6.239135714285713,9,True,22.504618899998604,20000
surabaya_utara,ACO,0.0,23,3.2079938515180086,62391.35714285715,12.962683333333331,27.1783,87.34790000000001,6.239135714285715,9,True,22.183572500000082,20000
surabaya_utara,ACO,0.0,24,3.2087046666318355,64172.785714285725,12.965555555555554,28.3333,89.84190000000001,6.4172785714285725,9,True,21.93235839999943,20000
surabaya_utara,ACO,0.0,25,3.2087046666318355,64172.785714285725,12.965555555555554,28.3333,89.84190000000001,6.4172785714285725,9,True,21.110193299999082,20000
surabaya_utara,ACO,0.0,26,3.2087046666318355,64172.78571428572,12.965555555555554,28.3333,89.8419,6.417278571428571,9,True,21.11840359999951,20000
surabaya_utara,ACO,0.0,27,3.2003178732191806,63275.42857142857,12.931666666666665,27.1783,88.5856,6.327542857142857,9,True,23.75137370000084,20000
surabaya_utara,ACO,0.0,28,3.2087046666318355,64172.785714285725,12.965555555555554,28.3333,89.84190000000001,6.4172785714285725,9,True,23.69574939999984,20000
surabaya_utara,ACO,0.0,29,3.208704666631835,64172.7857142857,12.965555555555552,28.3333,89.84189999999998,6.41727857142857,9,True,24.158695300000545,20000
surabaya_utara,ACO,0.0,30,3.2087046666318355,64172.7857142857,12.965555555555554,28.3333,89.84189999999998,6.41727857142857,9,True,24.311413899999025,20000
surabaya_utara,ACO,0.25,1,2.6070445471878974,61042.5,12.99147222222222,28.3333,85.45949999999999,6.1042499999999995,9,True,24.366345000000365,20000
surabaya_utara,ACO,0.25,2,2.607044547187898,61042.5,12.991472222222221,28.3333,85.45949999999999,6.1042499999999995,9,True,24.25228059999972,20000
surabaya_utara,ACO,0.25,3,2.6031029701182358,63275.42857142857,12.931666666666665,27.1783,88.5856,6.327542857142857,9,True,24.31660600000032,20000
surabaya_utara,ACO,0.25,4,2.6070445471878974,61042.5,12.99147222222222,28.3333,85.45949999999999,6.1042499999999995,9,True,24.163335400000506,20000
surabaya_utara,ACO,0.25,5,2.605774486565132,62189.857142857145,12.964811111111109,27.1783,87.0658,6.218985714285714,9,True,24.419831999999587,20000
surabaya_utara,ACO,0.25,6,2.6123596817133197,60041.42857142857,13.037399999999998,27.1783,84.05799999999999,6.004142857142857,9,True,23.576723399999537,20000
surabaya_utara,ACO,0.25,7,2.6070445471878974,61042.5,12.99147222222222,28.3333,85.45949999999999,6.1042499999999995,9,True,28.64234790000046,20000
surabaya_utara,ACO,0.25,8,2.605774486565132,62189.857142857145,12.964811111111109,27.1783,87.0658,6.218985714285714,9,True,29.47208060000048,20000
surabaya_utara,ACO,0.25,9,2.607044547187898,61042.50000000001,12.991472222222221,28.3333,85.4595,6.10425,9,True,29.77606359999845,20000
surabaya_utara,ACO,0.25,10,2.605774486565132,62189.85714285713,12.964811111111109,27.1783,87.06579999999998,6.218985714285713,9,True,29.667967499999577,20000
surabaya_utara,ACO,0.25,11,2.6123596817133197,60041.42857142859,13.037399999999998,27.1783,84.05800000000002,6.004142857142859,9,True,29.43082179999874,20000
surabaya_utara,ACO,0.25,12,2.6031029701182358,63275.42857142859,12.931666666666665,27.1783,88.58560000000001,6.327542857142858,9,True,30.85462430000007,20000
surabaya_utara,ACO,0.25,13,2.6123596817133197,60041.42857142857,13.037399999999998,27.1783,84.05799999999999,6.004142857142857,9,True,740.2988624000009,20000
surabaya_utara,ACO,0.25,14,2.607044547187898,61042.5,12.991472222222221,28.3333,85.45949999999999,6.1042499999999995,9,True,740.3827923999997,20000
surabaya_utara,ACO,0.25,15,2.6123596817133197,60041.42857142856,13.037399999999998,27.1783,84.05799999999998,6.004142857142855,9,True,746.4962759000009,20000
surabaya_utara,ACO,0.25,16,2.6031029701182358,63275.42857142857,12.931666666666665,27.1783,88.5856,6.327542857142857,9,True,746.7782561000004,20000
surabaya_utara,ACO,0.25,17,2.6031029701182358,63275.42857142857,12.931666666666665,27.1783,88.5856,6.327542857142857,9,True,747.1100401999993,20000
surabaya_utara,ACO,0.25,18,2.605774486565132,62189.857142857145,12.964811111111109,27.1783,87.0658,6.218985714285714,9,True,747.2412392999995,20000
surabaya_utara,ACO,0.25,19,2.6031029701182358,63275.42857142857,12.931666666666665,27.1783,88.5856,6.327542857142857,9,True,747.4003656000004,20000
surabaya_utara,ACO,0.25,20,2.605774486565132,62189.857142857145,12.964811111111109,27.1783,87.0658,6.218985714285714,9,True,748.1127252000006,20000
surabaya_utara,ACO,0.25,21,2.607044547187898,61042.50000000002,12.991472222222221,28.3333,85.45950000000002,6.104250000000001,9,True,45.350759999999354,20000
surabaya_utara,ACO,0.25,22,2.605774486565132,62189.85714285713,12.964811111111109,27.1783,87.06579999999998,6.218985714285713,9,True,44.834417699999904,20000
surabaya_utara,ACO,0.25,23,2.6123596817133197,60041.42857142859,13.037399999999998,27.1783,84.05800000000002,6.004142857142859,9,True,42.18638219999957,20000
surabaya_utara,ACO,0.25,24,2.6070445471878974,61042.5,12.99147222222222,28.3333,85.45949999999999,6.1042499999999995,9,True,42.240701900000204,20000
surabaya_utara,ACO,0.25,25,2.6031029701182358,63275.42857142859,12.931666666666665,27.1783,88.58560000000001,6.327542857142858,9,True,42.311595000001034,20000
surabaya_utara,ACO,0.25,26,2.6031029701182358,63275.42857142859,12.931666666666665,27.1783,88.58560000000001,6.327542857142858,9,True,41.8440182000013,20000
surabaya_utara,ACO,0.25,27,2.607044547187898,61042.5,12.991472222222221,28.3333,85.45949999999999,6.1042499999999995,9,True,42.132549500000096,20000
surabaya_utara,ACO,0.25,28,2.6112939646369737,60931.214285714275,13.016288888888887,27.1783,85.30369999999998,6.093121428571427,9,True,41.971194199999445,20000
surabaya_utara,ACO,0.25,29,2.607044547187898,61042.5,12.991472222222221,28.3333,85.45949999999999,6.1042499999999995,9,True,42.54455380000036,20000
surabaya_utara,ACO,0.25,30,2.6120189575979973,63971.28571428574,12.967683333333332,28.3333,89.55980000000002,6.397128571428573,9,True,42.3699742000008,20000
surabaya_utara,ACO,0.5,1,1.9989705931095278,61042.499999999985,12.991472222222221,28.3333,85.45949999999998,6.104249999999999,9,True,41.79495459999998,20000
surabaya_utara,ACO,0.5,2,2.001327820438118,60931.21428571428,13.016288888888887,27.1783,85.30369999999999,6.093121428571428,9,True,41.256644699999015,20000
surabaya_utara,ACO,0.5,3,2.014070769579025,62970.2142857143,13.01361111111111,27.1783,88.15830000000001,6.297021428571429,9,True,41.396041399999376,20000
surabaya_utara,ACO,0.5,4,2.001327820438118,60931.214285714275,13.016288888888887,27.1783,85.30369999999998,6.093121428571427,9,True,41.316327399999864,20000
surabaya_utara,ACO,0.5,5,2.001327820438118,60931.21428571428,13.016288888888887,27.1783,85.30369999999999,6.093121428571428,9,True,41.57531689999996,20000
surabaya_utara,ACO,0.5,6,1.9982346947599754,60041.42857142856,13.037399999999998,27.1783,84.05799999999998,6.004142857142855,9,True,41.62129789999926,20000
surabaya_utara,ACO,0.5,7,2.001327820438118,60931.214285714275,13.016288888888887,27.1783,85.30369999999998,6.093121428571427,9,True,40.59238600000026,20000
surabaya_utara,ACO,0.5,8,2.0030285409766746,62189.85714285715,12.96481111111111,27.1783,87.06580000000001,6.218985714285715,9,True,40.7210328000001,20000
surabaya_utara,ACO,0.5,9,1.9982346947599754,60041.42857142856,13.037399999999998,27.1783,84.05799999999998,6.004142857142855,9,True,40.3163196000005,20000
surabaya_utara,ACO,0.5,10,2.0041873464787345,62016.7857142857,12.983144444444445,27.1783,86.82349999999998,6.2016785714285705,9,True,40.269018799999685,20000
surabaya_utara,ACO,0.5,11,2.0041873464787345,62016.78571428572,12.983144444444443,27.1783,86.8235,6.201678571428571,9,True,40.089140699999916,20000
surabaya_utara,ACO,0.5,12,1.9982346947599754,60041.42857142856,13.037399999999998,27.1783,84.05799999999998,6.004142857142855,9,True,40.24890249999953,20000
surabaya_utara,ACO,0.5,13,2.0030285409766746,62189.85714285715,12.96481111111111,27.1783,87.06580000000001,6.218985714285715,9,True,40.249938300001304,20000
surabaya_utara,ACO,0.5,14,2.001327820438118,60931.21428571428,13.016288888888887,27.1783,85.30369999999999,6.093121428571428,9,True,40.54107940000176,20000
surabaya_utara,ACO,0.5,15,2.0030285409766746,62189.857142857145,12.96481111111111,27.1783,87.0658,6.218985714285714,9,True,39.841399699998874,20000
surabaya_utara,ACO,0.5,16,2.0030285409766746,62189.85714285715,12.96481111111111,27.1783,87.06580000000001,6.218985714285715,9,True,40.1213884000008,20000
surabaya_utara,ACO,0.5,17,2.0030285409766746,62189.857142857145,12.96481111111111,27.1783,87.0658,6.218985714285714,9,True,41.03720319999957,20000
surabaya_utara,ACO,0.5,18,2.001327820438118,60931.21428571428,13.016288888888887,27.1783,85.30369999999999,6.093121428571428,9,True,41.09304669999983,20000
surabaya_utara,ACO,0.5,19,2.0041873464787345,62016.78571428572,12.983144444444443,27.1783,86.8235,6.201678571428571,9,True,41.12321100000008,20000
surabaya_utara,ACO,0.5,20,2.001327820438118,60931.21428571428,13.016288888888887,27.1783,85.30369999999999,6.093121428571428,9,True,41.23241539999981,20000
surabaya_utara,ACO,0.5,21,1.9982346947599754,60041.42857142856,13.037399999999998,27.1783,84.05799999999998,6.004142857142855,9,True,41.214888900000005,20000
surabaya_utara,ACO,0.5,22,2.001327820438118,60931.21428571428,13.016288888888887,27.1783,85.30369999999999,6.093121428571428,9,True,41.490058400000635,20000
surabaya_utara,ACO,0.5,23,2.0058880670172905,63275.42857142857,12.931666666666665,27.1783,88.5856,6.327542857142857,9,True,41.7185386000001,20000
surabaya_utara,ACO,0.5,24,1.9982346947599754,60041.42857142856,13.037399999999998,27.1783,84.05799999999998,6.004142857142855,9,True,41.6255713999999,20000
surabaya_utara,ACO,0.5,25,1.9982346947599754,60041.42857142856,13.037399999999998,27.1783,84.05799999999998,6.004142857142855,9,True,40.61210930000016,20000
surabaya_utara,ACO,0.5,26,2.0030285409766746,62189.85714285715,12.96481111111111,27.1783,87.06580000000001,6.218985714285715,9,True,40.943464799998765,20000
surabaya_utara,ACO,0.5,27,2.0058880670172905,63275.42857142857,12.931666666666665,27.1783,88.5856,6.327542857142857,9,True,40.6666507000009,20000
surabaya_utara,ACO,0.5,28,2.001327820438118,60931.214285714275,13.016288888888887,27.1783,85.30369999999998,6.093121428571427,9,True,40.818511299999955,20000
surabaya_utara,ACO,0.5,29,2.0148066679285774,63971.2857142857,12.967683333333333,28.3333,89.55979999999998,6.39712857142857,9,True,40.88354049999907,20000
surabaya_utara,ACO,0.5,30,2.0058880670172905,63275.42857142857,12.931666666666665,27.1783,88.5856,6.327542857142857,9,True,40.80651940000098,20000
surabaya_utara,ACO,0.75,1,1.378416310394633,54789.99999999999,13.761755555555554,40.5817,76.70599999999999,5.478999999999999,9,True,39.99058010000044,20000
surabaya_utara,ACO,0.75,2,1.378416310394633,54789.99999999999,13.761755555555554,40.5817,76.70599999999999,5.478999999999999,9,True,39.96291110000129,20000
surabaya_utara,ACO,0.75,3,1.378416310394633,54789.99999999999,13.761755555555554,40.5817,76.70599999999999,5.478999999999999,9,True,39.6903743999992,20000
surabaya_utara,ACO,0.75,4,1.3784163103946327,54789.99999999999,13.761755555555553,40.5817,76.70599999999999,5.478999999999999,9,True,39.480167300000176,20000
surabaya_utara,ACO,0.75,5,1.378416310394633,54789.99999999999,13.761755555555554,40.5817,76.70599999999999,5.478999999999999,9,True,39.395513100000244,20000
surabaya_utara,ACO,0.75,6,1.378416310394633,54789.99999999999,13.761755555555554,40.5817,76.70599999999999,5.478999999999999,9,True,39.75697670000045,20000
surabaya_utara,ACO,0.75,7,1.3784163103946327,54789.99999999999,13.761755555555553,40.5817,76.70599999999999,5.478999999999999,9,True,39.411701099999846,20000
surabaya_utara,ACO,0.75,8,1.378416310394633,54789.99999999999,13.761755555555554,40.5817,76.70599999999999,5.478999999999999,9,True,39.59991070000069,20000
surabaya_utara,ACO,0.75,9,1.378416310394633,54789.99999999999,13.761755555555554,40.5817,76.70599999999999,5.478999999999999,9,True,39.32487930000025,20000
surabaya_utara,ACO,0.75,10,1.3784163103946327,54789.99999999999,13.761755555555553,40.5817,76.70599999999999,5.478999999999999,9,True,38.90946459999941,20000
surabaya_utara,ACO,0.75,11,1.3784163103946327,54789.99999999999,13.761755555555553,40.5817,76.70599999999999,5.478999999999999,9,True,39.11249260000113,20000
surabaya_utara,ACO,0.75,12,1.3784163103946327,54789.99999999999,13.761755555555553,40.5817,76.70599999999999,5.478999999999999,9,True,38.935214400000405,20000
surabaya_utara,ACO,0.75,13,1.378416310394633,54789.99999999999,13.761755555555554,40.5817,76.70599999999999,5.478999999999999,9,True,39.1160415000013,20000
surabaya_utara,ACO,0.75,14,1.378416310394633,54789.99999999999,13.761755555555554,40.5817,76.70599999999999,5.478999999999999,9,True,39.36228579999988,20000
surabaya_utara,ACO,0.75,15,1.378416310394633,54789.99999999999,13.761755555555554,40.5817,76.70599999999999,5.478999999999999,9,True,38.9205165000003,20000
surabaya_utara,ACO,0.75,16,1.378416310394633,54789.99999999999,13.761755555555554,40.5817,76.70599999999999,5.478999999999999,9,True,39.873783099999855,20000
surabaya_utara,ACO,0.75,17,1.3784163103946327,54789.99999999999,13.761755555555553,40.5817,76.70599999999999,5.478999999999999,9,True,39.66810350000014,20000
surabaya_utara,ACO,0.75,18,1.378416310394633,54789.99999999999,13.761755555555554,40.5817,76.70599999999999,5.478999999999999,9,True,39.140411700000186,20000
surabaya_utara,ACO,0.75,19,1.3784163103946327,54789.99999999999,13.761755555555553,40.5817,76.70599999999999,5.478999999999999,9,True,38.89762259999952,20000
surabaya_utara,ACO,0.75,20,1.3784163103946327,54789.99999999999,13.761755555555553,40.5817,76.70599999999999,5.478999999999999,9,True,39.624295900001016,20000
surabaya_utara,ACO,0.75,21,1.3784163103946327,54789.99999999999,13.761755555555553,40.5817,76.70599999999999,5.478999999999999,9,True,39.425654399999985,20000
surabaya_utara,ACO,0.75,22,1.3784163103946327,54789.99999999999,13.761755555555553,40.5817,76.70599999999999,5.478999999999999,9,True,39.50118619999921,20000
surabaya_utara,ACO,0.75,23,1.3784163103946327,54789.99999999999,13.761755555555553,40.5817,76.70599999999999,5.478999999999999,9,True,39.616722100001425,20000
surabaya_utara,ACO,0.75,24,1.378416310394633,54789.99999999999,13.761755555555554,40.5817,76.70599999999999,5.478999999999999,9,True,39.72107590000087,20000
surabaya_utara,ACO,0.75,25,1.3784163103946327,54789.99999999999,13.761755555555553,40.5817,76.70599999999999,5.478999999999999,9,True,40.165396299998974,20000
surabaya_utara,ACO,0.75,26,1.3784163103946327,54789.99999999999,13.761755555555553,40.5817,76.70599999999999,5.478999999999999,9,True,40.55805959999998,20000
surabaya_utara,ACO,0.75,27,1.378416310394633,54789.99999999999,13.761755555555554,40.5817,76.70599999999999,5.478999999999999,9,True,40.306800099999236,20000
surabaya_utara,ACO,0.75,28,1.3784163103946327,54789.99999999999,13.761755555555553,40.5817,76.70599999999999,5.478999999999999,9,True,40.38762920000045,20000
surabaya_utara,ACO,0.75,29,1.3784163103946327,54789.99999999999,13.761755555555553,40.5817,76.70599999999999,5.478999999999999,9,True,40.16186360000029,20000
surabaya_utara,ACO,0.75,30,1.3784163103946327,54789.99999999999,13.761755555555553,40.5817,76.70599999999999,5.478999999999999,9,True,40.23099050000019,20000
surabaya_utara,ACO,1.0,1,0.5562369696725425,43373.92857142857,20.39334444444445,50.6383,60.7235,4.3373928571428575,7,True,39.21886679999989,20000
surabaya_utara,ACO,1.0,2,0.5562369696725425,43373.92857142857,20.393344444444445,50.6383,60.7235,4.3373928571428575,7,True,38.884795900001336,20000
surabaya_utara,ACO,1.0,3,0.5574516068752495,43468.642857142855,20.16195,50.6383,60.8561,4.346864285714285,7,True,38.72783999999956,20000
surabaya_utara,ACO,1.0,4,0.5562369696725425,43373.92857142857,20.393344444444445,50.6383,60.7235,4.3373928571428575,7,True,38.733963000000585,20000
surabaya_utara,ACO,1.0,5,0.5574516068752495,43468.642857142855,20.16195,50.6383,60.8561,4.346864285714285,7,True,38.191346699999485,20000
surabaya_utara,ACO,1.0,6,0.5588210507802623,43575.42857142857,20.35427222222222,50.6383,61.0056,4.357542857142858,7,True,38.55315040000096,20000
surabaya_utara,ACO,1.0,7,0.5562369696725425,43373.92857142857,20.393344444444445,50.6383,60.723499999999994,4.337392857142857,7,True,38.26875990000008,20000
surabaya_utara,ACO,1.0,8,0.5562369696725425,43373.92857142857,20.393344444444445,50.6383,60.7235,4.3373928571428575,7,True,38.66073560000041,20000
surabaya_utara,ACO,1.0,9,0.5588210507802622,43575.428571428565,20.35427222222222,50.6383,61.00559999999999,4.357542857142856,7,True,38.49895640000068,20000
surabaya_utara,ACO,1.0,10,0.5500795101879297,42893.7857142857,22.41824444444445,50.6383,60.05129999999998,4.28937857142857,6,True,38.39710450000166,20000
surabaya_utara,ACO,1.0,11,0.5500795101879297,42893.7857142857,22.41824444444445,50.6383,60.05129999999998,4.28937857142857,6,True,38.0949655000004,20000
surabaya_utara,ACO,1.0,12,0.5574516068752495,43468.642857142855,20.16195,50.6383,60.8561,4.346864285714285,7,True,38.61012589999882,20000
surabaya_utara,ACO,1.0,13,0.5562369696725425,43373.92857142857,20.393344444444445,50.6383,60.7235,4.3373928571428575,7,True,37.92687280000064,20000
surabaya_utara,ACO,1.0,14,0.5562369696725425,43373.92857142857,20.393344444444445,50.6383,60.7235,4.3373928571428575,7,True,38.37473929999942,20000
surabaya_utara,ACO,1.0,15,0.5500795101879297,42893.7857142857,22.41824444444445,50.6383,60.05129999999998,4.28937857142857,6,True,38.402178399999684,20000
surabaya_utara,ACO,1.0,16,0.5562369696725425,43373.92857142857,20.39334444444445,50.6383,60.7235,4.3373928571428575,7,True,38.185098500000095,20000
surabaya_utara,ACO,1.0,17,0.5562369696725425,43373.92857142857,20.393344444444445,50.6383,60.7235,4.3373928571428575,7,True,38.27490620000026,20000
surabaya_utara,ACO,1.0,18,0.5562369696725425,43373.92857142857,20.393344444444452,50.6383,60.7235,4.3373928571428575,7,True,38.71504089999871,20000
surabaya_utara,ACO,1.0,19,0.5574516068752495,43468.642857142855,20.16195,50.6383,60.8561,4.346864285714285,7,True,38.84762890000093,20000
surabaya_utara,ACO,1.0,20,0.5562369696725425,43373.92857142857,20.39334444444445,50.6383,60.723499999999994,4.337392857142857,7,True,38.76833389999956,20000
surabaya_utara,ACO,1.0,21,0.5526635912956495,43095.2857142857,22.379172222222227,50.6383,60.33339999999998,4.3095285714285705,6,True,37.8278449999998,20000
surabaya_utara,ACO,1.0,22,0.5574516068752495,43468.642857142855,20.16195,50.6383,60.8561,4.346864285714285,7,True,38.47076809999999,20000
surabaya_utara,ACO,1.0,23,0.5562369696725425,43373.92857142857,20.39334444444445,50.6383,60.723499999999994,4.337392857142857,7,True,38.148665800001254,20000
surabaya_utara,ACO,1.0,24,0.5574516068752495,43468.642857142855,20.16195,50.6383,60.85609999999999,4.346864285714285,7,True,38.28298799999902,20000
surabaya_utara,ACO,1.0,25,0.5562369696725425,43373.92857142857,20.393344444444445,50.6383,60.7235,4.3373928571428575,7,True,38.26408950000041,20000
surabaya_utara,ACO,1.0,26,0.5588210507802623,43575.42857142857,20.35427222222222,50.6383,61.005599999999994,4.357542857142857,7,True,38.486609900000985,20000
surabaya_utara,ACO,1.0,27,0.5562369696725425,43373.92857142857,20.393344444444445,50.6383,60.7235,4.3373928571428575,7,True,38.593885299998874,20000
surabaya_utara,ACO,1.0,28,0.5574516068752495,43468.642857142855,20.16195,50.6383,60.8561,4.346864285714285,7,True,38.97556859999895,20000
surabaya_utara,ACO,1.0,29,0.5500795101879298,42893.78571428572,22.41824444444445,50.6383,60.0513,4.289378571428571,6,True,39.04423119999956,20000
surabaya_utara,ACO,1.0,30,0.5588210507802623,43575.42857142857,20.35427222222222,50.6383,61.0056,4.357542857142858,7,True,38.938587700000426,20000
surabaya_utara,GA,0.0,1,3.2030910145820206,62121.78571428572,12.94287222222222,26.555,86.9705,6.212178571428572,9,True,6.636476399999083,19994
surabaya_utara,GA,0.0,2,3.2079938515180086,62391.35714285715,12.962683333333331,27.1783,87.34790000000001,6.239135714285715,9,True,6.7141381000001275,19994
surabaya_utara,GA,0.0,3,3.2003178732191806,63275.42857142857,12.931666666666665,27.1783,88.5856,6.327542857142857,9,True,6.748815799999647,19994
surabaya_utara,GA,0.0,4,3.20309101458202,62121.78571428573,12.942872222222219,26.48,86.97050000000002,6.212178571428573,9,True,6.735023500001262,19994
surabaya_utara,GA,0.0,5,3.214591920630686,61244.00000000001,12.989344444444441,28.3333,85.7416,6.1244000000000005,9,True,6.83130010000059,19994
surabaya_utara,GA,0.0,6,3.2158306912642596,60863.14285714286,12.994349999999995,26.48,85.2084,6.086314285714286,9,True,6.563032800000656,19994
surabaya_utara,GA,0.0,7,3.2003178732191806,63275.42857142857,12.931666666666665,27.1783,88.5856,6.327542857142857,9,True,6.657550899999478,19994
surabaya_utara,GA,0.0,8,3.2145919206306863,61244.000000000015,12.989344444444443,28.3333,85.74160000000002,6.124400000000001,9,True,6.678541299999779,19994
surabaya_utara,GA,0.0,9,3.2030910145820206,62121.78571428573,12.94287222222222,26.555,86.97050000000002,6.212178571428573,9,True,6.638473199998771,19994
surabaya_utara,GA,0.0,10,3.2030910145820206,62121.78571428573,12.94287222222222,26.555,86.97050000000002,6.212178571428573,9,True,6.708049900000333,19994
surabaya_utara,GA,0.0,11,3.2079938515180086,62391.35714285715,12.962683333333331,27.1783,87.34790000000001,6.239135714285715,9,True,6.675103100000342,19994
surabaya_utara,GA,0.0,12,3.20309101458202,62121.78571428573,12.942872222222219,26.48,86.97050000000002,6.212178571428573,9,True,6.677574400000594,19994
surabaya_utara,GA,0.0,13,3.2030910145820206,62121.78571428573,12.94287222222222,26.48,86.97050000000002,6.212178571428573,9,True,6.509553899999446,19994
surabaya_utara,GA,0.0,14,3.214591920630686,61244.00000000001,12.989344444444441,28.3333,85.7416,6.1244000000000005,9,True,6.640997500000594,19994
surabaya_utara,GA,0.0,15,3.2079938515180086,62391.35714285715,12.962683333333331,27.1783,87.34790000000001,6.239135714285715,9,True,6.685352899999998,19994
surabaya_utara,GA,0.0,16,3.217321065700214,67330.57142857143,13.00037222222222,26.48,94.2628,6.733057142857143,9,True,6.5721198999999615,19994
surabaya_utara,GA,0.0,17,3.2003178732191806,63275.42857142859,12.931666666666665,27.1783,88.58560000000001,6.327542857142858,9,True,6.415316799999346,19994
surabaya_utara,GA,0.0,18,3.2003178732191806,63275.42857142859,12.931666666666665,27.1783,88.58560000000001,6.327542857142858,9,True,6.538127199999508,19994
surabaya_utara,GA,0.0,19,3.2087046666318355,64172.785714285725,12.965555555555554,28.3333,89.84190000000001,6.4172785714285725,9,True,6.456814600000143,19994
surabaya_utara,GA,0.0,20,3.2030910145820206,62121.78571428571,12.94287222222222,26.48,86.97049999999999,6.212178571428571,9,True,6.510512700000618,19994
surabaya_utara,GA,0.0,21,3.2030910145820206,62121.78571428573,12.94287222222222,26.555,86.97050000000002,6.212178571428573,9,True,6.597730199999205,19994
surabaya_utara,GA,0.0,22,3.2003178732191806,63275.42857142859,12.931666666666665,27.1783,88.58560000000001,6.327542857142858,9,True,6.622730800001591,19994
surabaya_utara,GA,0.0,23,3.2030910145820206,62121.78571428573,12.94287222222222,26.48,86.97050000000002,6.212178571428573,9,True,6.62265060000027,19994
surabaya_utara,GA,0.0,24,3.208704666631835,64172.78571428574,12.965555555555552,28.3333,89.84190000000002,6.417278571428573,9,True,6.803238599999531,19994
surabaya_utara,GA,0.0,25,3.2030910145820206,62121.78571428571,12.94287222222222,26.48,86.97049999999999,6.212178571428571,9,True,6.443038100000194,19994
surabaya_utara,GA,0.0,26,3.2030910145820206,62121.78571428572,12.94287222222222,26.555,86.9705,6.212178571428572,9,True,6.435171900000569,19994
surabaya_utara,GA,0.0,27,3.2003178732191806,63275.42857142859,12.931666666666665,27.1783,88.58560000000001,6.327542857142858,9,True,6.601500799999485,19994
surabaya_utara,GA,0.0,28,3.214591920630686,61244.00000000003,12.989344444444441,28.3333,85.74160000000003,6.124400000000002,9,True,6.343761000000086,19994
surabaya_utara,GA,0.0,29,3.2087046666318355,64172.78571428572,12.965555555555554,28.3333,89.8419,6.417278571428571,9,True,6.581850399999894,19994
surabaya_utara,GA,0.0,30,3.20309101458202,62121.78571428573,12.942872222222219,26.48,86.97050000000002,6.212178571428573,9,True,6.565179000001081,19994
surabaya_utara,GA,0.25,1,2.6080693777250303,59973.357142857145,13.015461111111106,26.48,83.9627,5.997335714285714,9,True,6.308860899998763,19994
surabaya_utara,GA,0.25,2,2.6014841825768436,62121.785714285696,12.94287222222222,26.555,86.97049999999997,6.212178571428569,9,True,6.396854399999938,19994
surabaya_utara,GA,0.25,3,2.601484182576844,62121.78571428573,12.94287222222222,26.555,86.97050000000002,6.212178571428573,9,True,6.3209182000009605,19994
surabaya_utara,GA,0.25,4,2.6014841825768436,62121.785714285696,12.94287222222222,26.48,86.97049999999997,6.212178571428569,9,True,6.404705099999774,19994
surabaya_utara,GA,0.25,5,2.6070445471878974,61042.5,12.99147222222222,28.3333,85.45949999999999,6.1042499999999995,9,True,6.5186081000010745,19994
surabaya_utara,GA,0.25,6,2.6080693777250303,59973.357142857145,13.015461111111106,26.48,83.9627,5.997335714285714,9,True,6.545929199999591,19994
surabaya_utara,GA,0.25,7,2.6031029701182358,63275.42857142857,12.931666666666665,27.1783,88.5856,6.327542857142857,9,True,6.508208299999751,19994
surabaya_utara,GA,0.25,8,2.608069377725031,59973.35714285715,13.015461111111108,26.555,83.96270000000001,5.9973357142857155,9,True,6.6511123000000225,19994
surabaya_utara,GA,0.25,9,2.6070445471878974,61042.50000000001,12.99147222222222,28.3333,85.4595,6.10425,9,True,6.44815749999907,19994
surabaya_utara,GA,0.25,10,2.6080693777250303,59973.357142857145,13.015461111111106,26.48,83.9627,5.997335714285714,9,True,6.360950700000103,19994
surabaya_utara,GA,0.25,11,2.6223822805231913,64018.92857142857,13.022694444444442,26.555,89.6265,6.401892857142856,9,True,6.490390000000843,19994
surabaya_utara,GA,0.25,12,2.608069377725031,59973.357142857145,13.015461111111108,26.555,83.9627,5.997335714285714,9,True,6.529331800000364,19994
surabaya_utara,GA,0.25,13,2.6031029701182358,63275.42857142859,12.931666666666665,27.1783,88.58560000000001,6.327542857142858,9,True,6.517839600001025,19994
surabaya_utara,GA,0.25,14,2.6031029701182358,63275.428571428594,12.931666666666665,27.1783,88.58560000000003,6.327542857142859,9,True,198.60815909999837,19994
surabaya_utara,GA,0.25,15,2.6031029701182358,63275.42857142857,12.931666666666665,27.1783,88.5856,6.327542857142857,9,True,198.97475829999894,19994
surabaya_utara,GA,0.25,16,2.6031029701182358,63275.42857142859,12.931666666666665,27.1783,88.58560000000001,6.327542857142858,9,True,200.13796609999918,19994
surabaya_utara,GA,0.25,17,2.608622448190077,62016.785714285725,12.983144444444441,27.1783,86.82350000000001,6.201678571428572,9,True,199.96640230000048,19994
surabaya_utara,GA,0.25,18,2.608069377725031,59973.35714285717,13.015461111111108,26.555,83.96270000000003,5.997335714285716,9,True,200.70144000000073,19994
surabaya_utara,GA,0.25,19,2.6031029701182358,63275.42857142857,12.931666666666665,27.1783,88.5856,6.327542857142857,9,True,200.94384809999974,19994
surabaya_utara,GA,0.25,20,2.607044547187898,61042.50000000001,12.991472222222221,28.3333,85.4595,6.10425,9,True,201.42288779999944,19994
surabaya_utara,GA,0.25,21,2.6213901291235593,61593.14285714286,13.059249999999997,26.48,86.2304,6.159314285714286,9,True,201.8467672000006,19994
surabaya_utara,GA,0.25,22,2.601484182576844,62121.78571428572,12.94287222222222,26.555,86.9705,6.212178571428572,9,True,10.022081299999627,19994
surabaya_utara,GA,0.25,23,2.6031029701182358,63275.42857142857,12.931666666666665,27.1783,88.5856,6.327542857142857,9,True,10.180025800000294,19994
surabaya_utara,GA,0.25,24,2.6070445471878974,61042.499999999985,12.99147222222222,28.3333,85.45949999999998,6.104249999999999,9,True,9.051490600000761,19994
surabaya_utara,GA,0.25,25,2.607044547187898,61042.50000000001,12.991472222222221,28.3333,85.4595,6.10425,9,True,9.088648599999942,19994
surabaya_utara,GA,0.25,26,2.6031029701182358,63275.42857142857,12.931666666666665,27.1783,88.5856,6.327542857142857,9,True,8.386444499999925,19994
surabaya_utara,GA,0.25,27,2.608069377725031,59973.35714285715,13.015461111111108,26.555,83.96270000000001,5.9973357142857155,9,True,8.081554000000324,19994
surabaya_utara,GA,0.25,28,2.6014841825768436,62121.78571428573,12.942872222222219,26.48,86.97050000000002,6.212178571428573,9,True,7.811094499998944,19994
surabaya_utara,GA,0.25,29,2.608069377725031,59973.357142857145,13.015461111111108,26.48,83.9627,5.997335714285714,9,True,7.3660116999999445,19994
surabaya_utara,GA,0.25,30,2.6014841825768436,62121.785714285696,12.94287222222222,26.48,86.97049999999997,6.212178571428569,9,True,6.917331099999501,19994
surabaya_utara,GA,0.5,1,1.9950835043549675,59973.357142857145,13.015461111111108,26.48,83.9627,5.997335714285714,9,True,6.5690004999996745,19994
surabaya_utara,GA,0.5,2,1.9981766300331105,60863.14285714285,12.994349999999997,26.48,85.20839999999998,6.086314285714285,9,True,6.495737100000042,19994
surabaya_utara,GA,0.5,3,1.9950835043549677,59973.357142857145,13.01546111111111,26.48,83.9627,5.997335714285714,9,True,6.399288900000101,19994
surabaya_utara,GA,0.5,4,2.001255027976006,60740.92857142858,13.02556111111111,26.555,85.0373,6.074092857142857,9,True,6.390711600000941,19994
surabaya_utara,GA,0.5,5,1.9950835043549677,59973.35714285714,13.01546111111111,26.48,83.96269999999998,5.997335714285713,9,True,6.2174574000000575,19994
surabaya_utara,GA,0.5,6,2.0041873464787345,62016.78571428572,12.983144444444443,27.1783,86.8235,6.201678571428571,9,True,6.41526789999989,19994
surabaya_utara,GA,0.5,7,1.9981766300331105,60863.14285714285,12.994349999999999,26.48,85.20839999999998,6.086314285714285,9,True,6.511614199998803,19994
surabaya_utara,GA,0.5,8,1.9950835043549675,59973.357142857145,13.015461111111108,26.555,83.9627,5.997335714285714,9,True,6.397843900000225,19994
surabaya_utara,GA,0.5,9,1.9950835043549675,59973.35714285714,13.015461111111108,26.48,83.96269999999998,5.997335714285713,9,True,6.426840000000084,19994
surabaya_utara,GA,0.5,10,2.001255027976006,60740.928571428565,13.02556111111111,26.48,85.03729999999999,6.0740928571428565,9,True,6.473267700001088,19994
surabaya_utara,GA,0.5,11,1.9981766300331105,60863.14285714285,12.994349999999999,26.555,85.20839999999998,6.086314285714285,9,True,6.501726500000586,19994
surabaya_utara,GA,0.5,12,2.013870273662727,62340.285714285725,13.044633333333332,27.1783,87.27640000000001,6.234028571428572,9,True,6.4115239000002475,19994
surabaya_utara,GA,0.5,13,2.006839538455919,60750.85714285715,13.070177777777777,27.1783,85.05120000000001,6.075085714285715,9,True,6.420840799999496,19994
surabaya_utara,GA,0.5,14,1.9950835043549675,59973.357142857145,13.015461111111108,26.48,83.9627,5.997335714285714,9,True,6.432255399999121,19994
surabaya_utara,GA,0.5,15,1.9950835043549677,59973.357142857145,13.01546111111111,26.555,83.9627,5.997335714285714,9,True,6.398882999999842,19994
surabaya_utara,GA,0.5,16,1.9981766300331105,60863.14285714284,12.994349999999999,26.555,85.20839999999997,6.086314285714283,9,True,6.418120000000272,19994
surabaya_utara,GA,0.5,17,1.9950835043549675,59973.357142857145,13.015461111111108,26.48,83.9627,5.997335714285714,9,True,6.432167899998603,19994
surabaya_utara,GA,0.5,18,1.9950835043549677,59973.357142857145,13.01546111111111,26.555,83.9627,5.997335714285714,9,True,6.560993099999905,19994
surabaya_utara,GA,0.5,19,1.9950835043549675,59973.35714285714,13.015461111111108,26.48,83.96269999999998,5.997335714285713,9,True,6.5040657999998075,19994
surabaya_utara,GA,0.5,20,1.9950835043549675,59973.35714285714,13.015461111111108,26.555,83.96269999999998,5.997335714285713,9,True,6.565920299999561,19994
surabaya_utara,GA,0.5,21,1.998970593109528,61042.5,12.991472222222221,28.3333,85.45949999999999,6.1042499999999995,9,True,6.496642600000996,19994
surabaya_utara,GA,0.5,22,2.0073927226512565,60231.49999999999,13.10156111111111,27.1783,84.32409999999999,6.023149999999999,9,True,6.553514100000029,19994
surabaya_utara,GA,0.5,23,1.9950835043549675,59973.357142857145,13.015461111111108,26.555,83.9627,5.997335714285714,9,True,6.541915899999367,19994
surabaya_utara,GA,0.5,24,1.9998773505716665,62121.78571428571,12.94287222222222,26.555,86.97049999999999,6.212178571428571,9,True,6.344713499998761,19994
surabaya_utara,GA,0.5,25,1.9950835043549675,59973.35714285714,13.015461111111108,26.48,83.96269999999998,5.997335714285713,9,True,6.309174500000154,19994
surabaya_utara,GA,0.5,26,1.9950835043549675,59973.357142857145,13.015461111111108,26.48,83.9627,5.997335714285714,9,True,6.459908999999243,19994
surabaya_utara,GA,0.5,27,2.0090934431898124,61490.142857142855,13.050083333333331,27.1783,86.08619999999999,6.149014285714285,9,True,6.472709400000895,19994
surabaya_utara,GA,0.5,28,1.998970593109528,61042.5,12.991472222222221,28.3333,85.45949999999999,6.1042499999999995,9,True,6.333876400000008,19994
surabaya_utara,GA,0.5,29,1.9981766300331105,60863.14285714287,12.994349999999997,26.555,85.20840000000001,6.086314285714287,9,True,6.388918399999966,19994
surabaya_utara,GA,0.5,30,1.9950835043549675,59973.35714285714,13.015461111111108,26.555,83.96269999999998,5.997335714285713,9,True,6.517509500001324,19994
surabaya_utara,GA,0.75,1,1.3893495994175358,60863.14285714285,12.994349999999999,26.555,85.20839999999998,6.086314285714285,9,True,6.5195345000011,19994
surabaya_utara,GA,0.75,2,1.3855338636014014,54998.14285714285,13.844438888888885,40.5817,76.99739999999998,5.499814285714285,9,True,6.384232200000042,19994
surabaya_utara,GA,0.75,3,1.3893495994175358,60863.14285714286,12.994349999999999,26.555,85.2084,6.086314285714286,9,True,6.275877199999741,19994
surabaya_utara,GA,0.75,4,1.3784163103946327,54789.99999999999,13.761755555555553,40.5817,76.70599999999999,5.478999999999999,9,True,6.361867699999493,19994
surabaya_utara,GA,0.75,5,1.378416310394633,54789.99999999999,13.761755555555554,40.5817,76.70599999999999,5.478999999999999,9,True,6.324408599999515,19994
surabaya_utara,GA,0.75,6,1.378416310394633,54790.00000000001,13.761755555555553,40.5817,76.706,5.479,9,True,6.352965800000675,19994
surabaya_utara,GA,0.75,7,1.3784163103946327,54789.99999999999,13.761755555555553,40.5817,76.70599999999999,5.478999999999999,9,True,6.155784200000198,19994
surabaya_utara,GA,0.75,8,1.3784163103946327,54789.99999999999,13.761755555555553,40.5817,76.70599999999999,5.478999999999999,9,True,6.3542923999993945,19994
surabaya_utara,GA,0.75,9,1.3820976309849042,59973.35714285714,13.015461111111112,26.48,83.96269999999998,5.997335714285713,9,True,6.3220756000009715,19994
surabaya_utara,GA,0.75,10,1.3820976309849042,59973.35714285714,13.015461111111112,26.48,83.96269999999998,5.997335714285713,9,True,6.399343200000658,19994
surabaya_utara,GA,0.75,11,1.3784163103946327,54789.99999999999,13.761755555555553,40.5817,76.70599999999999,5.478999999999999,9,True,6.306023899998763,19994
surabaya_utara,GA,0.75,12,1.3820976309849042,59973.357142857145,13.015461111111112,26.48,83.9627,5.997335714285714,9,True,6.07402920000095,19994
surabaya_utara,GA,0.75,13,1.3820976309849042,59973.35714285714,13.015461111111112,26.555,83.96269999999998,5.997335714285713,9,True,6.318366899999091,19994
surabaya_utara,GA,0.75,14,1.378416310394633,54789.99999999999,13.761755555555554,40.5817,76.70599999999999,5.478999999999999,9,True,6.329471799999737,19994
surabaya_utara,GA,0.75,15,1.3784163103946327,54789.99999999999,13.761755555555553,40.5817,76.70599999999999,5.478999999999999,9,True,6.425284900000406,19994
surabaya_utara,GA,0.75,16,1.3784163103946327,54789.99999999999,13.761755555555553,40.5817,76.70599999999999,5.478999999999999,9,True,6.251207499999509,19994
surabaya_utara,GA,0.75,17,1.3893495994175358,60863.14285714285,12.994349999999999,26.555,85.20839999999998,6.086314285714285,9,True,6.424356700001226,19994
surabaya_utara,GA,0.75,18,1.384487209535624,59797.14285714283,13.081477777777776,26.48,83.71599999999997,5.979714285714283,9,True,6.279848700000002,19994
surabaya_utara,GA,0.75,19,1.3820976309849042,59973.35714285714,13.015461111111112,26.48,83.96269999999998,5.997335714285713,9,True,6.299764699999287,19994
surabaya_utara,GA,0.75,20,1.3855338636014016,54998.14285714285,13.844438888888888,40.5817,76.99739999999998,5.499814285714285,9,True,6.216766900000948,19994
surabaya_utara,GA,0.75,21,1.3820976309849042,59973.35714285714,13.01546111111111,26.555,83.96269999999998,5.997335714285713,9,True,6.386412500000006,19994
surabaya_utara,GA,0.75,22,1.3820976309849042,59973.357142857145,13.01546111111111,26.48,83.9627,5.997335714285714,9,True,6.2234637000001385,19994
surabaya_utara,GA,0.75,23,1.3820976309849042,59973.357142857145,13.015461111111112,26.48,83.9627,5.997335714285714,9,True,6.354240299999219,19994
surabaya_utara,GA,0.75,24,1.3784163103946327,54789.99999999999,13.761755555555553,40.5817,76.70599999999999,5.478999999999999,9,True,6.491008099999817,19994
surabaya_utara,GA,0.75,25,1.3784163103946327,54789.99999999999,13.761755555555553,40.5817,76.70599999999999,5.478999999999999,9,True,6.418809599999804,19994
surabaya_utara,GA,0.75,26,1.3784163103946332,54790.000000000015,13.761755555555556,40.5817,76.70600000000002,5.479000000000001,9,True,6.299532700000782,19994
surabaya_utara,GA,0.75,27,1.3784163103946327,54789.99999999999,13.761755555555553,40.5817,76.70599999999999,5.478999999999999,9,True,6.36694449999959,19994
surabaya_utara,GA,0.75,28,1.3784163103946327,54789.99999999999,13.761755555555553,40.5817,76.70599999999999,5.478999999999999,9,True,6.228721999999834,19994
surabaya_utara,GA,0.75,29,1.3784163103946327,54789.99999999999,13.761755555555553,40.5817,76.70599999999999,5.478999999999999,9,True,6.488447100000485,19994
surabaya_utara,GA,0.75,30,1.3784163103946327,54789.99999999999,13.761755555555553,40.5817,76.70599999999999,5.478999999999999,9,True,6.5836542999986705,19994
surabaya_utara,GA,1.0,1,0.5719219114688865,44597.0,19.86556666666667,43.5617,62.4358,4.4597,7,True,5.252733799999987,19994
surabaya_utara,GA,1.0,2,0.5666300870948003,44184.357142857145,22.738533333333333,50.6383,61.8581,4.418435714285715,6,True,5.254015099999378,19994
surabaya_utara,GA,1.0,3,0.5666300870948002,44184.35714285714,22.738533333333333,50.6383,61.85809999999999,4.418435714285714,6,True,5.446588200000406,19994
surabaya_utara,GA,1.0,4,0.5556030866074798,43324.5,22.56677222222222,50.6383,60.6543,4.33245,6,True,5.3987176999999065,19994
surabaya_utara,GA,1.0,5,0.5628579332480829,43890.2142857143,21.890755555555558,43.5617,61.44630000000001,4.3890214285714295,6,True,5.245908799999597,19994
surabaya_utara,GA,1.0,6,0.5784485253974593,45105.92857142857,21.68835555555556,43.5617,63.1483,4.510592857142857,6,True,5.214687899999262,19994
surabaya_utara,GA,1.0,7,0.5711936787568562,44540.21428571428,22.36437222222222,50.6383,62.35629999999999,4.454021428571428,6,True,5.1781817999999475,19994
surabaya_utara,GA,1.0,8,0.5709665067913425,44522.50000000001,22.667694444444443,50.8983,62.331500000000005,4.45225,6,True,5.142331799999738,19994
surabaya_utara,GA,1.0,9,0.5628579332480829,43890.2142857143,21.890755555555558,43.5617,61.44630000000001,4.3890214285714295,6,True,5.236224599999332,19994
surabaya_utara,GA,1.0,10,0.5709665067913425,44522.50000000001,22.667694444444447,50.8983,62.331500000000005,4.45225,6,True,5.139258200000768,19994
surabaya_utara,GA,1.0,11,0.5666300870948002,44184.35714285714,22.738533333333336,50.6383,61.85809999999999,4.418435714285714,6,True,5.14638449999984,19994
surabaya_utara,GA,1.0,12,0.5646670648282837,44031.285714285725,20.541583333333335,50.6383,61.643800000000006,4.403128571428572,7,True,5.295518400000219,19994
surabaya_utara,GA,1.0,13,0.5556030866074798,43324.5,22.56677222222222,50.6383,60.6543,4.33245,6,True,5.177204800000254,19994
surabaya_utara,GA,1.0,14,0.5666300870948002,44184.35714285714,22.738533333333336,50.6383,61.85809999999999,4.418435714285714,6,True,5.328862899999876,19994
surabaya_utara,GA,1.0,15,0.5666300870948002,44184.35714285714,22.738533333333336,50.6383,61.85809999999999,4.418435714285714,6,True,5.279313799999727,19994
surabaya_utara,GA,1.0,16,0.5556030866074798,43324.5,22.566772222222223,50.6383,60.65429999999999,4.33245,6,True,5.137692199999947,19994
surabaya_utara,GA,1.0,17,0.5666300870948002,44184.35714285714,22.738533333333333,50.6383,61.85809999999999,4.418435714285714,6,True,5.373041400000147,19994
surabaya_utara,GA,1.0,18,0.5698581274434725,44436.07142857143,22.079105555555554,44.508399999999995,62.210499999999996,4.443607142857142,6,True,5.199807199998759,19994
surabaya_utara,GA,1.0,19,0.5737960801843757,44743.14285714286,20.497233333333337,43.839999999999996,62.6404,4.474314285714286,7,True,5.329892899999322,19994
surabaya_utara,GA,1.0,20,0.5556030866074798,43324.5,22.566772222222227,50.6383,60.65429999999999,4.33245,6,True,5.177755999999135,19994
surabaya_utara,GA,1.0,21,0.5666300870948003,44184.357142857145,22.738533333333336,50.6383,61.8581,4.418435714285715,6,True,5.28566420000061,19994
surabaya_utara,GA,1.0,22,0.5628579332480828,43890.21428571429,21.89075555555555,43.5617,61.4463,4.389021428571429,6,True,5.213348999999653,19994
surabaya_utara,GA,1.0,23,0.5556030866074798,43324.5,22.566772222222223,50.6383,60.65429999999999,4.33245,6,True,5.208500200000344,19994
surabaya_utara,GA,1.0,24,0.5666300870948002,44184.35714285714,22.738533333333336,50.6383,61.85809999999999,4.418435714285714,6,True,5.178261900000507,19994
surabaya_utara,GA,1.0,25,0.5646670648282837,44031.28571428572,20.541583333333335,50.6383,61.6438,4.403128571428572,7,True,5.291068599999562,19994
surabaya_utara,GA,1.0,26,0.5719219114688865,44597.0,19.86556666666667,43.5617,62.43579999999999,4.4597,7,True,5.27974709999944,19994
surabaya_utara,GA,1.0,27,0.5865570989407191,45738.21428571429,22.465294444444442,50.8983,64.0335,4.573821428571429,6,True,5.3236686999989615,19994
surabaya_utara,GA,1.0,28,0.5556030866074798,43324.5,22.566772222222227,50.6383,60.65429999999999,4.33245,6,True,5.348904799999218,19994
surabaya_utara,GA,1.0,29,0.5666300870948003,44184.357142857145,22.73853333333333,50.6383,61.8581,4.418435714285715,6,True,5.176497100001143,19994
surabaya_utara,GA,1.0,30,0.5819935072786631,45382.357142857145,22.839455555555556,50.8983,63.5353,4.538235714285714,6,True,5.186172199999419,19994
surabaya_utara,Greedy,0.0,0,3.2896853440097673,71636.00000000001,13.29277777777778,32.0233,100.2904,7.163600000000001,9,True,0.002208500000051572,1
surabaya_utara,Greedy,0.25,0,2.73772794594987,74186.21428571429,13.468516666666666,32.0233,103.86070000000001,7.418621428571429,9,True,0.002130500000930624,1
surabaya_utara,Greedy,0.5,0,2.1621169068245654,74562.07142857143,13.609361111111113,32.39,104.38690000000001,7.456207142857144,9,True,0.001960099998541409,1
surabaya_utara,Greedy,0.75,0,1.5297353363683082,62559.785714285725,14.999644444444446,43.241699999999994,87.58370000000001,6.255978571428572,9,True,0.001925499998833402,1
surabaya_utara,Greedy,1.0,0,0.6453213567296031,50320.50000000001,21.852138888888895,48.595,70.4487,5.03205,6,True,0.001759900000251946,1
surabaya_utara,SA,0.0,1,3.2286171140081446,63092.28571428571,13.046016666666667,28.3333,88.32919999999999,6.30922857142857,9,True,1.7984968000000663,20000
surabaya_utara,SA,0.0,2,3.2079938515180095,62391.35714285713,12.962683333333334,27.1783,87.34789999999998,6.239135714285713,9,True,1.7821668000015052,20000
surabaya_utara,SA,0.0,3,3.2145919206306877,61243.999999999985,12.989344444444448,28.3333,85.74159999999998,6.124399999999999,9,True,1.7686768000003212,20000
surabaya_utara,SA,0.0,4,3.2151185012662684,61042.5,12.991472222222225,28.3333,85.45949999999999,6.1042499999999995,9,True,1.78641030000108,20000
surabaya_utara,SA,0.0,5,3.200317873219181,63275.42857142857,12.931666666666667,27.1783,88.5856,6.327542857142857,9,True,1.7379490000002988,20000
surabaya_utara,SA,0.0,6,3.2030910145820215,62121.78571428572,12.942872222222224,26.555,86.9705,6.212178571428572,9,True,1.691599199999473,20000
surabaya_utara,SA,0.0,7,3.200317873219181,63275.42857142857,12.931666666666667,27.1783,88.5856,6.327542857142857,9,True,1.7438551999985066,20000
surabaya_utara,SA,0.0,8,3.2079938515180095,62391.35714285715,12.962683333333334,27.1783,87.34790000000001,6.239135714285715,9,True,1.7332655999998678,20000
surabaya_utara,SA,0.0,9,3.2158306912642614,60863.14285714286,12.994350000000003,26.555,85.2084,6.086314285714286,9,True,1.7418440000001283,20000
surabaya_utara,SA,0.0,10,3.2158306912642614,60863.14285714286,12.994350000000003,26.48,85.2084,6.086314285714286,9,True,1.6775479999996605,20000
surabaya_utara,SA,0.0,11,3.2158306912642614,60863.14285714286,12.994350000000003,26.48,85.2084,6.086314285714286,9,True,1.6558180000010907,20000
surabaya_utara,SA,0.0,12,3.2079938515180095,62391.357142857145,12.962683333333334,27.1783,87.3479,6.239135714285714,9,True,1.762403999999151,20000
surabaya_utara,SA,0.0,13,3.2076295072140173,63841.71428571429,12.961211111111114,26.48,89.3784,6.384171428571428,9,True,1.720950200000516,20000
surabaya_utara,SA,0.0,14,3.200317873219181,63275.42857142857,12.931666666666667,27.1783,88.5856,6.327542857142857,9,True,1.7862287999996624,20000
surabaya_utara,SA,0.0,15,3.209162503059117,66449.71428571428,12.967405555555557,28.3333,93.02959999999999,6.644971428571428,9,True,1.7633519999999407,20000
surabaya_utara,SA,0.0,16,3.2087046666318364,64172.7857142857,12.965555555555557,28.3333,89.84189999999998,6.41727857142857,9,True,1.8407652000005328,20000
surabaya_utara,SA,0.0,17,3.2079938515180095,62391.357142857145,12.962683333333334,27.1783,87.3479,6.239135714285714,9,True,1.7966679000001022,20000
surabaya_utara,SA,0.0,18,3.2079938515180095,62391.357142857145,12.962683333333334,27.1783,87.3479,6.239135714285714,9,True,1.725790299999062,20000
surabaya_utara,SA,0.0,19,3.222729860009294,64274.35714285714,13.022227777777779,28.3333,89.98409999999998,6.427435714285713,9,True,1.8392151000007289,20000
surabaya_utara,SA,0.0,20,3.2087046666318364,64172.78571428572,12.965555555555557,28.3333,89.8419,6.417278571428571,9,True,1.8093662999999651,20000
surabaya_utara,SA,0.0,21,3.2145919206306877,61244.0,12.989344444444448,28.3333,85.74159999999999,6.1244,9,True,1.7987782999989577,20000
surabaya_utara,SA,0.0,22,3.2203691838962567,62583.07142857143,13.01268888888889,26.48,87.6163,6.258307142857142,9,True,1.7980485999996745,20000
surabaya_utara,SA,0.0,23,3.214591920630687,61244.0,12.989344444444447,28.3333,85.74159999999999,6.1244,9,True,1.8000695999999152,20000
surabaya_utara,SA,0.0,24,3.219221155617639,61803.21428571428,13.00805,28.3333,86.52449999999999,6.180321428571427,9,True,1.722625500000504,20000
surabaya_utara,SA,0.0,25,3.2087046666318364,64172.78571428572,12.965555555555557,28.3333,89.8419,6.417278571428571,9,True,1.7814873000006628,20000
surabaya_utara,SA,0.0,26,3.222729860009294,66021.07142857142,13.022227777777779,28.3333,92.42949999999999,6.602107142857142,9,True,1.7582425999989937,20000
surabaya_utara,SA,0.0,27,3.208704666631836,64172.78571428572,12.965555555555556,28.3333,89.8419,6.417278571428571,9,True,1.7221131000005698,20000
surabaya_utara,SA,0.0,28,3.2030910145820215,62121.78571428572,12.942872222222224,26.48,86.9705,6.212178571428572,9,True,1.7852868999998464,20000
surabaya_utara,SA,0.0,29,3.200317873219181,63275.42857142857,12.931666666666667,27.1783,88.5856,6.327542857142857,9,True,1.7158283000007941,20000
surabaya_utara,SA,0.0,30,3.2003178732191815,63275.42857142857,12.931666666666668,27.1783,88.5856,6.327542857142857,9,True,1.7618481000008615,20000
surabaya_utara,SA,0.25,1,2.6112939646369746,60931.21428571428,13.01628888888889,27.1783,85.30369999999999,6.093121428571428,9,True,1.7173664000001736,20000
surabaya_utara,SA,0.25,2,2.6070445471878982,61042.50000000001,12.991472222222225,28.3333,85.4595,6.10425,9,True,1.7970332000004419,20000
surabaya_utara,SA,0.25,3,2.603102970118236,63275.42857142857,12.931666666666667,27.1783,88.5856,6.327542857142857,9,True,1.7176225999992312,20000
surabaya_utara,SA,0.25,4,2.6057744865651324,62189.857142857145,12.96481111111111,27.1783,87.0658,6.218985714285714,9,True,1.7032300000009855,20000
surabaya_utara,SA,0.25,5,2.601484182576845,62121.78571428572,12.942872222222224,26.555,86.9705,6.212178571428572,9,True,1.7393448000002536,20000
surabaya_utara,SA,0.25,6,2.6070445471878982,61042.5,12.991472222222223,28.3333,85.45949999999999,6.1042499999999995,9,True,1.7895943999992596,20000
surabaya_utara,SA,0.25,7,2.607003660648686,60863.14285714286,12.994350000000003,26.555,85.2084,6.086314285714286,9,True,1.7985465999990993,20000
surabaya_utara,SA,0.25,8,2.6111757351589002,62067.64285714286,12.996022222222225,27.1783,86.8947,6.206764285714286,9,True,1.887405999999828,20000
surabaya_utara,SA,0.25,9,2.601484182576845,62121.78571428572,12.942872222222224,26.555,86.9705,6.212178571428572,9,True,1.824993899999754,20000
surabaya_utara,SA,0.25,10,2.6111757351589002,62067.64285714286,12.996022222222225,27.1783,86.8947,6.206764285714286,9,True,1.774033399999098,20000
surabaya_utara,SA,0.25,11,2.6080693777250317,59973.357142857145,13.015461111111113,26.555,83.9627,5.997335714285714,9,True,1.8284827000006771,20000
surabaya_utara,SA,0.25,12,2.6111757351589,62067.64285714286,12.996022222222223,27.1783,86.8947,6.206764285714286,9,True,1.8032157999987248,20000
surabaya_utara,SA,0.25,13,2.6070445471878982,61042.5,12.991472222222223,28.3333,85.45949999999999,6.1042499999999995,9,True,1.826229800000874,20000
surabaya_utara,SA,0.25,14,2.617889085905428,61144.07142857144,13.048144444444446,28.3333,85.60170000000001,6.114407142857144,9,True,1.882834300000468,20000
surabaya_utara,SA,0.25,15,2.61235968171332,60041.42857142857,13.037400000000002,27.1783,84.05799999999999,6.004142857142857,9,True,1.8442707000012888,20000
surabaya_utara,SA,0.25,16,2.601484182576845,62121.78571428572,12.942872222222224,26.48,86.9705,6.212178571428572,9,True,1.8135311999994883,20000
surabaya_utara,SA,0.25,17,2.6228634963155275,64072.857142857145,13.024355555555557,28.3333,89.702,6.407285714285714,9,True,1.7986929999988206,20000
surabaya_utara,SA,0.25,18,2.601484182576845,62121.78571428572,12.942872222222224,26.48,86.9705,6.212178571428572,9,True,1.7749390999997559,20000
surabaya_utara,SA,0.25,19,2.621307063983936,64846.571428571435,13.002605555555556,28.445,90.7852,6.484657142857143,9,True,1.729561799998919,20000
surabaya_utara,SA,0.25,20,2.665709394526415,66736.28571428571,13.209188888888889,26.555,93.43079999999999,6.673628571428571,9,True,1.7799950999997236,20000
surabaya_utara,SA,0.25,21,2.6120189575979977,63971.28571428572,12.967683333333333,28.3333,89.5598,6.3971285714285715,9,True,1.7493730999995023,20000
surabaya_utara,SA,0.25,22,2.601484182576845,62121.78571428572,12.942872222222224,26.48,86.9705,6.212178571428572,9,True,1.765486600001168,20000
surabaya_utara,SA,0.25,23,2.6080693777250317,59973.357142857145,13.015461111111113,26.555,83.9627,5.997335714285714,9,True,1.7684148999996978,20000
surabaya_utara,SA,0.25,24,2.6080693777250317,59973.357142857145,13.015461111111113,26.48,83.9627,5.997335714285714,9,True,1.793541400000322,20000
surabaya_utara,SA,0.25,25,2.6112939646369746,60931.2142857143,13.016288888888889,27.1783,85.3037,6.093121428571429,9,True,1.8314583000010316,20000
surabaya_utara,SA,0.25,26,2.6070445471878982,61042.5,12.991472222222225,28.3333,85.45949999999999,6.1042499999999995,9,True,1.8311962999996467,20000
surabaya_utara,SA,0.25,27,2.601484182576845,62121.78571428573,12.942872222222224,26.555,86.97050000000002,6.212178571428573,9,True,1.710914600000251,20000
surabaya_utara,SA,0.25,28,2.6112939646369746,60931.2142857143,13.01628888888889,27.1783,85.3037,6.093121428571429,9,True,1.776222800001051,20000
surabaya_utara,SA,0.25,29,2.601484182576845,62121.78571428572,12.942872222222224,26.48,86.9705,6.212178571428572,9,True,1.7015347999986261,20000
surabaya_utara,SA,0.25,30,2.6080693777250317,59973.357142857145,13.015461111111113,26.48,83.9627,5.997335714285714,9,True,1.8017067999990104,20000
surabaya_utara,SA,0.5,1,1.998234694759976,60041.42857142858,13.037400000000002,27.1783,84.058,6.004142857142858,9,True,1.7562455999996018,20000
surabaya_utara,SA,0.5,2,2.0121695531241715,61081.642857142855,13.096111111111112,27.1783,85.51429999999999,6.1081642857142855,9,True,1.8225942999997642,20000
surabaya_utara,SA,0.5,3,1.9950835043549682,59973.357142857145,13.015461111111113,26.555,83.9627,5.997335714285714,9,True,1.7560319000003801,20000
surabaya_utara,SA,0.5,4,2.004187346478735,62016.78571428572,12.983144444444447,27.1783,86.8235,6.201678571428571,9,True,1.761122099998829,20000
surabaya_utara,SA,0.5,5,1.9982346947599758,60041.42857142858,13.0374,27.1783,84.058,6.004142857142858,9,True,1.825218700001642,20000
surabaya_utara,SA,0.5,6,1.9950835043549682,59973.357142857145,13.015461111111113,26.555,83.9627,5.997335714285714,9,True,1.692751299999145,20000
surabaya_utara,SA,0.5,7,1.9998773505716672,62121.78571428573,12.942872222222224,26.555,86.97050000000002,6.212178571428573,9,True,1.8224623000005522,20000
surabaya_utara,SA,0.5,8,1.9981766300331112,60863.14285714286,12.994350000000003,26.555,85.2084,6.086314285714286,9,True,1.8231832000001305,20000
surabaya_utara,SA,0.5,9,1.9950835043549682,59973.35714285715,13.015461111111113,26.48,83.96270000000001,5.9973357142857155,9,True,1.7489406000004237,20000
surabaya_utara,SA,0.5,10,2.0013278204381186,60931.21428571428,13.016288888888889,27.1783,85.30369999999999,6.093121428571428,9,True,1.7833122000010917,20000
surabaya_utara,SA,0.5,11,1.9950835043549682,59973.35714285715,13.015461111111113,26.48,83.96270000000001,5.9973357142857155,9,True,1.8147284000006039,20000
surabaya_utara,SA,0.5,12,1.998234694759976,60041.42857142858,13.037400000000002,27.1783,84.058,6.004142857142858,9,True,1.744918599999437,20000
surabaya_utara,SA,0.5,13,1.9989705931095283,61042.5,12.991472222222223,28.3333,85.45949999999999,6.1042499999999995,9,True,1.8244556000008743,20000
surabaya_utara,SA,0.5,14,1.998234694759976,60041.42857142857,13.037400000000002,27.1783,84.05799999999999,6.004142857142857,9,True,1.736178999999538,20000
surabaya_utara,SA,0.5,15,1.998234694759976,60041.42857142858,13.037400000000002,27.1783,84.058,6.004142857142858,9,True,1.7061993000006623,20000
surabaya_utara,SA,0.5,16,1.9989705931095283,61042.5,12.991472222222223,28.3333,85.45949999999999,6.1042499999999995,9,True,1.7671039000015298,20000
surabaya_utara,SA,0.5,17,1.999877350571667,62121.78571428572,12.942872222222224,26.555,86.9705,6.212178571428572,9,True,1.727245199999743,20000
surabaya_utara,SA,0.5,18,1.9950835043549682,59973.357142857145,13.015461111111113,26.48,83.9627,5.997335714285714,9,True,1.752548399999796,20000
surabaya_utara,SA,0.5,19,1.9950835043549682,59973.357142857145,13.015461111111113,26.555,83.9627,5.997335714285714,9,True,1.7502052000018011,20000
surabaya_utara,SA,0.5,20,1.998234694759976,60041.42857142857,13.037400000000002,27.1783,84.05799999999999,6.004142857142857,9,True,1.6527234999994107,20000
surabaya_utara,SA,0.5,21,2.0061069389195705,62067.64285714286,12.996022222222223,27.1783,86.8947,6.206764285714286,9,True,1.7608853000001545,20000
surabaya_utara,SA,0.5,22,2.003028540976675,62189.857142857145,12.964811111111112,27.1783,87.0658,6.218985714285714,9,True,1.790402599999652,20000
surabaya_utara,SA,0.5,23,1.998234694759976,60041.42857142857,13.037400000000002,27.1783,84.05799999999999,6.004142857142857,9,True,1.7014933999998902,20000
surabaya_utara,SA,0.5,24,1.998234694759976,60041.42857142857,13.037400000000002,27.1783,84.05799999999999,6.004142857142857,9,True,1.7862468999992416,20000
surabaya_utara,SA,0.5,25,1.998234694759976,60041.42857142857,13.037400000000002,27.1783,84.05799999999999,6.004142857142857,9,True,1.7719400000005407,20000
surabaya_utara,SA,0.5,26,2.0121695531241715,61081.642857142855,13.096111111111112,27.1783,85.51429999999999,6.1081642857142855,9,True,1.7778151999991678,20000
surabaya_utara,SA,0.5,27,2.0945624799252314,66272.78571428571,13.49296666666667,28.3333,92.78189999999998,6.62727857142857,9,True,1.7936160000008385,20000
surabaya_utara,SA,0.5,28,2.0012550279760064,60740.928571428565,13.025561111111111,26.555,85.03729999999999,6.0740928571428565,9,True,1.765057099999467,20000
surabaya_utara,SA,0.5,29,2.0030285409766746,62189.857142857145,12.96481111111111,27.1783,87.0658,6.218985714285714,9,True,1.78907529999924,20000
surabaya_utara,SA,0.5,30,2.0044062183810145,60809.0,13.047500000000001,27.1783,85.1326,6.0809,9,True,1.7441436999997677,20000
surabaya_utara,SA,0.75,1,1.3826555125943025,59341.71428571429,13.122672222222224,27.1783,83.0784,5.934171428571429,9,True,1.761871799999426,20000
surabaya_utara,SA,0.75,2,1.3826555125943023,59341.71428571428,13.122672222222224,27.1783,83.07839999999999,5.934171428571427,9,True,1.728631600000881,20000
surabaya_utara,SA,0.75,3,1.3820976309849047,59973.35714285715,13.015461111111113,26.555,83.96270000000001,5.9973357142857155,9,True,1.8223175999992236,20000
surabaya_utara,SA,0.75,4,1.3899074810269338,60231.49999999999,13.101561111111113,27.1783,84.32409999999999,6.023149999999999,9,True,1.8087508000007801,20000
surabaya_utara,SA,0.75,5,1.3820976309849045,59973.357142857145,13.015461111111113,26.48,83.9627,5.997335714285714,9,True,1.7560306999985187,20000
surabaya_utara,SA,0.75,6,1.3784163103946332,54790.00000000001,13.761755555555558,40.5817,76.706,5.479,9,True,1.7752567999996245,20000
surabaya_utara,SA,0.75,7,1.3919771370807794,55417.85714285713,13.883333333333333,35.575,77.58499999999998,5.541785714285713,9,True,1.7415791999992507,20000
surabaya_utara,SA,0.75,8,1.3826555125943023,59341.71428571428,13.122672222222224,27.1783,83.07839999999999,5.934171428571427,9,True,1.6888345000006666,20000
surabaya_utara,SA,0.75,9,1.3826555125943023,59341.71428571428,13.122672222222224,27.1783,83.07839999999999,5.934171428571427,9,True,1.8012888000012026,20000
surabaya_utara,SA,0.75,10,1.3803075287391207,54322.5,13.865,40.5817,76.05149999999999,5.432249999999999,9,True,1.7546348000014405,20000
surabaya_utara,SA,0.75,11,1.3803075287391207,54322.5,13.865,40.5817,76.05149999999999,5.432249999999999,9,True,1.8317434000000503,20000
surabaya_utara,SA,0.75,12,1.3874250819458893,54530.64285714285,13.947683333333336,40.5817,76.34289999999999,5.453064285714285,9,True,1.8177605999990192,20000
surabaya_utara,SA,0.75,13,1.3784163103946332,54790.00000000001,13.761755555555558,40.5817,76.706,5.479,9,True,1.742551999999705,20000
surabaya_utara,SA,0.75,14,1.3803075287391207,54322.5,13.865,40.5817,76.05149999999999,5.432249999999999,9,True,1.7835728999998537,20000
surabaya_utara,SA,0.75,15,1.3953798684288312,61144.07142857143,13.048144444444446,28.3333,85.6017,6.114407142857142,9,True,1.791460599999482,20000
surabaya_utara,SA,0.75,16,1.3826555125943023,59341.71428571428,13.122672222222224,27.1783,83.07839999999999,5.934171428571427,9,True,1.8266230000008363,20000
surabaya_utara,SA,0.75,17,1.3803075287391207,54322.5,13.865,40.5817,76.05149999999999,5.432249999999999,9,True,1.6805620999984967,20000
surabaya_utara,SA,0.75,18,1.3826555125943023,59341.71428571428,13.122672222222224,27.1783,83.07839999999999,5.934171428571427,9,True,1.6643421999997372,20000
surabaya_utara,SA,0.75,19,1.3867463584054578,59761.57142857143,13.123522222222226,26.48,83.66619999999999,5.976157142857142,9,True,1.7407072999994853,20000
surabaya_utara,SA,0.75,20,1.3914192554713813,56049.50000000001,13.77612222222222,35.575,78.4693,5.6049500000000005,9,True,1.7965867999992042,20000
surabaya_utara,SA,0.75,21,1.3826555125943023,59341.71428571428,13.122672222222224,27.1783,83.07839999999999,5.934171428571427,9,True,1.7392548000007082,20000
surabaya_utara,SA,0.75,22,1.3826555125943027,59341.714285714304,13.122672222222224,27.1783,83.07840000000002,5.93417142857143,9,True,1.780640200000562,20000
surabaya_utara,SA,0.75,23,1.3784163103946332,54790.00000000001,13.761755555555558,40.5817,76.706,5.479,9,True,1.7699064999997063,20000
surabaya_utara,SA,0.75,24,1.3919771370807794,55417.857142857145,13.883333333333333,35.575,77.585,5.541785714285714,9,True,1.768639300000359,20000
surabaya_utara,SA,0.75,25,1.3784163103946332,54790.00000000001,13.761755555555558,40.5817,76.706,5.479,9,True,1.7853090000007796,20000
surabaya_utara,SA,0.75,26,1.3784163103946332,54790.00000000001,13.761755555555558,40.5817,76.706,5.479,9,True,1.7237986999989516,20000
surabaya_utara,SA,0.75,27,1.3914192554713813,56049.50000000001,13.77612222222222,35.575,78.4693,5.6049500000000005,9,True,1.7589275000009366,20000
surabaya_utara,SA,0.75,28,1.3914192554713813,56049.5,13.77612222222222,35.575,78.46929999999999,5.60495,9,True,1.7445991999993566,20000
surabaya_utara,SA,0.75,29,1.3919771370807794,55417.857142857145,13.883333333333333,35.575,77.585,5.541785714285714,9,True,1.819615700000213,20000
surabaya_utara,SA,0.75,30,1.3826555125943023,59341.71428571428,13.122672222222224,27.1783,83.07839999999999,5.934171428571427,9,True,1.8432975000014267,20000
surabaya_utara,SA,1.0,1,0.5561197196258257,43364.78571428572,21.973622222222232,43.5617,60.7107,4.336478571428572,6,True,1.8000857000006363,20000
surabaya_utara,SA,1.0,2,0.5558742273405125,43345.64285714287,19.838155555555556,43.5617,60.68390000000001,4.334564285714286,7,True,1.808323900000687,20000
surabaya_utara,SA,1.0,3,0.5588311269561522,43576.2142857143,21.907344444444448,44.508399999999995,61.00670000000001,4.357621428571429,6,True,1.702386099999785,20000
surabaya_utara,SA,1.0,4,0.5556030866074798,43324.5,22.56677222222223,50.6383,60.65429999999999,4.33245,6,True,1.746707599999354,20000
surabaya_utara,SA,1.0,5,0.5579938883413149,43510.92857142858,22.605288888888893,43.839999999999996,60.91530000000001,4.3510928571428575,6,True,1.7434083999996801,20000
surabaya_utara,SA,1.0,6,0.5588311269561521,43576.21428571429,21.907344444444448,44.508399999999995,61.0067,4.357621428571429,6,True,1.7622273000015412,20000
surabaya_utara,SA,1.0,7,0.5730541072324957,44685.28571428571,22.677416666666673,50.6383,62.55939999999999,4.46852857142857,6,True,1.7620105000005424,20000
surabaya_utara,SA,1.0,8,0.5706513972907911,44497.92857142857,22.367594444444446,50.5216,62.2971,4.4497928571428575,6,True,1.8003831000005448,20000
surabaya_utara,SA,1.0,9,0.5585847186548488,43557.0,19.81611666666667,43.5617,60.9798,4.3557,7,True,1.732786100001249,20000
surabaya_utara,SA,1.0,10,0.5558742273405125,43345.64285714286,19.83815555555556,43.5617,60.6839,4.334564285714285,7,True,1.8205181999983324,20000
surabaya_utara,SA,1.0,11,0.6104083232876915,47598.07142857144,22.49175,50.5216,66.63730000000001,4.759807142857143,6,True,1.7357750999999553,20000
surabaya_utara,SA,1.0,12,0.5588311269561521,43576.21428571429,21.907344444444448,44.508399999999995,61.0067,4.357621428571429,6,True,1.788370100000975,20000
surabaya_utara,SA,1.0,13,0.5618081789235714,43808.35714285715,19.893444444444448,43.5617,61.33170000000001,4.380835714285715,7,True,1.7501793000010366,20000
surabaya_utara,SA,1.0,14,0.5642282931690856,43997.071428571435,22.750561111111114,50.8983,61.59590000000001,4.399707142857143,6,True,1.7911020000010467,20000
surabaya_utara,SA,1.0,15,0.5488648729852228,42799.07142857143,22.649638888888894,50.6383,59.918699999999994,4.279907142857143,6,True,1.8209643000009237,20000
surabaya_utara,SA,1.0,16,0.5520929133338951,43050.78571428572,21.99021111111112,44.508399999999995,60.2711,4.305078571428571,6,True,1.793278699999064,20000
surabaya_utara,SA,1.0,17,0.5558742273405125,43345.64285714286,19.83815555555556,43.5617,60.6839,4.334564285714285,7,True,1.753126900001007,20000
surabaya_utara,SA,1.0,18,0.5618081789235714,43808.35714285715,19.893444444444444,43.5617,61.331700000000005,4.380835714285714,7,True,1.7717248999997537,20000
surabaya_utara,SA,1.0,19,0.5585847186548488,43557.0,19.81611666666667,43.5617,60.9798,4.3557,7,True,1.7641944000006333,20000
surabaya_utara,SA,1.0,20,0.5628579332480828,43890.21428571429,21.89075555555556,43.5617,61.4463,4.389021428571429,6,True,1.7761117000009108,20000
surabaya_utara,SA,1.0,21,0.5556030866074798,43324.5,22.56677222222223,50.6383,60.65429999999999,4.33245,6,True,1.7470068999991781,20000
surabaya_utara,SA,1.0,22,0.5556030866074798,43324.5,22.56677222222223,50.6383,60.65429999999999,4.33245,6,True,1.798364500000389,20000
surabaya_utara,SA,1.0,23,0.59536001260438,46424.64285714286,22.69092777777778,50.6383,64.9945,4.6424642857142855,6,True,1.7975968999999168,20000
surabaya_utara,SA,1.0,24,0.5588311269561521,43576.21428571429,21.907344444444448,44.508399999999995,61.0067,4.357621428571429,6,True,1.7409194000010757,20000
surabaya_utara,SA,1.0,25,0.5628579332480829,43890.2142857143,21.89075555555556,43.5617,61.44630000000001,4.3890214285714295,6,True,1.7510238000013487,20000
surabaya_utara,SA,1.0,26,0.5709665067913425,44522.50000000001,22.66769444444445,50.8983,62.331500000000005,4.45225,6,True,1.7856571999982407,20000
surabaya_utara,SA,1.0,27,0.5556030866074798,43324.5,22.566772222222223,50.6383,60.65429999999999,4.33245,6,True,1.7286641000009695,20000
surabaya_utara,SA,1.0,28,0.5588311269561521,43576.21428571429,21.907344444444448,44.508399999999995,61.0067,4.357621428571429,6,True,1.7037266999996064,20000
surabaya_utara,SA,1.0,29,0.5585847186548488,43557.00000000001,19.81611666666667,43.5617,60.979800000000004,4.355700000000001,7,True,1.6152333000009094,20000
surabaya_utara,SA,1.0,30,0.5762821475811681,44937.0,22.017988888888894,44.508399999999995,62.91179999999999,4.4937,6,True,1.6328862999998819,20000
