w,algorithm,runs,fitness_mean,fitness_std,fitness_best,fitness_worst,cost_rp_mean,mean_arrival_min_mean,makespan_min_mean,km_mean,n_vehicles_mean,feasible_rate,runtime_s_mean
0.0,ACO,30,3.207072358320476,0.0032392113323939406,3.2003178732191806,3.2087046666318355,63836.09761904762,12.958959814814815,28.002023333333334,89.37053666666664,9.0,1.0,31.70641808666684
0.25,ACO,30,2.6070641504299656,0.0032295755383208256,2.6031029701182358,2.6123596817133197,61720.059523809534,12.979874259259258,27.601800000000004,86.40808333333332,9.0,1.0,223.8181910633334
0.5,ACO,30,2.0025868023156055,0.0039989007847759574,1.9982346947599754,2.0148066679285774,61520.97619047619,12.99590222222222,27.255300000000002,86.12936666666664,9.0,1.0,40.907230623333334
0.75,ACO,30,1.3784163103946332,3.641568870386363e-16,1.3784163103946327,1.378416310394633,54789.99999999999,13.761755555555556,40.58169999999999,76.70599999999999,9.0,1.0,39.608287463333546
1.0,ACO,30,0.5559248219570254,0.002616528904790094,0.5500795101879297,0.5588210507802623,43349.588095238105,20.67032370370371,50.63830000000001,60.68942333333333,6.833333333333333,1.0,38.512288286666745
0.0,GA,30,3.206020480274535,0.005411413785019112,3.2003178732191806,3.217321065700214,62599.20476190477,12.954709444444442,27.13442666666667,87.63888666666665,9.0,1.0,6.6069908800000725
0.25,GA,30,2.6061967157327834,0.005052017003398433,2.6014841825768436,2.6223822805231913,61718.74523809524,12.975223518518515,27.018373333333333,86.40624333333332,9.0,1.0,58.78362590333327
0.5,GA,30,1.9986282544223746,0.004989910681480481,1.9950835043549675,2.013870273662727,60547.80952380952,13.014340185185182,26.747436666666665,84.76693333333333,9.0,1.0,6.44541363999997
0.75,GA,30,1.3811681916394798,0.0036104103740007823,1.3784163103946327,1.3893495994175358,56960.323809523805,13.468839444444445,34.95352,79.74445333333333,9.0,1.0,6.340557913333336
1.0,GA,30,0.5666273695806967,0.0077213820470179466,0.5556030866074798,0.5865570989407191,44184.145238095225,22.126773518518522,48.826706666666674,61.85780333333333,6.166666666666667,1.0,5.248198526666481
0.0,Greedy,1,3.2896853440097673,0.0,3.2896853440097673,3.2896853440097673,71636.00000000001,13.29277777777778,32.0233,100.2904,9.0,1.0,0.002208500000051572
0.25,Greedy,1,2.73772794594987,0.0,2.73772794594987,2.73772794594987,74186.21428571429,13.468516666666666,32.0233,103.86070000000001,9.0,1.0,0.002130500000930624
0.5,Greedy,1,2.1621169068245654,0.0,2.1621169068245654,2.1621169068245654,74562.07142857143,13.609361111111113,32.39,104.38690000000001,9.0,1.0,0.001960099998541409
0.75,Greedy,1,1.5297353363683082,0.0,1.5297353363683082,1.5297353363683082,62559.785714285725,14.999644444444446,43.241699999999994,87.58370000000001,9.0,1.0,0.001925499998833402
1.0,Greedy,1,0.6453213567296031,0.0,0.6453213567296031,0.6453213567296031,50320.50000000001,21.852138888888895,48.595,70.4487,6.0,1.0,0.001759900000251946
0.0,SA,30,3.21064682800474,0.007518900881619849,3.200317873219181,3.2286171140081446,62823.26666666667,12.973403333333335,27.520863333333338,87.9525733333333,9.0,1.0,1.7602232600000813
0.25,SA,30,2.6102094291483975,0.011902587643509977,2.601484182576845,2.665709394526415,61835.11428571429,12.994832592592592,27.20492666666667,86.56915999999998,9.0,1.0,1.7853591466665724
0.5,SA,30,2.003090927222849,0.017836539212324583,1.9950835043549682,2.0945624799252314,60892.86904761905,13.032524444444444,27.078533333333336,85.25001666666665,9.0,1.0,1.7649614933334306
0.75,SA,30,1.3843684836570593,0.005151405441836452,1.3784163103946332,1.3953798684288312,57177.73333333333,13.486767592592596,33.29661,80.04882666666667,9.0,1.0,1.7683031966666627
1.0,SA,30,0.5628433075261093,0.012602157937588896,0.5488648729852228,0.6104083232876915,43889.07380952382,21.640590740740738,46.396179999999994,61.44470333333334,6.266666666666667,1.0,1.7574914466669724
