osm_id,name,level,lat,lon
node/4465702876,SD Kristen Buah Sulung,SD,-7.2577306,112.7567752
node/4467580986,SD Katholik Karitas 1,SD,-7.2817343,112.7372508
node/4467580987,SD Kristen Petra 1,SD,-7.2800655,112.7369785
node/4478422246,SD Negeri Medokan Semampir 1,SD,-7.3049728,112.7822079
node/4479567004,MI Ibnu Husein,MI,-7.2324705,112.7500691
node/4479567005,MTs Ibnu Husein,MTs,-7.2311169,112.7502938
node/4481190255,"KB, TK dan SD IT Ar-Rahmah",SD,-7.2234133,112.7828128
node/4483210406,SD/MI Hidayatul Wathon,SD,-7.2495595,112.7453886
node/4527538014,TK & SD K. Abdullah Ubaid,SD,-7.2557591,112.7253472
node/4527586721,TK & SD RW X Demak Jaya,SD,-7.2486397,112.7185498
node/4542651324,"RA , TK & SD Tunas Harapan",SD,-7.2421262,112.7222012
node/4631071198,Madrasah Tsanawiyah Negeri 3 Surabaya,MTs,-7.3247345,112.7961373
node/5015915321,SMP NEGERI 7 SURABAYA,SMP,-7.2239242,112.7300092
node/8889375701,SDN Petemon X,SD,-7.2654777,112.7175626
node/8889444805,SDN Kupang Krajan 1,SD,-7.268532,112.7194058
node/9808091193,SD Kristen Anak Panah Tunas Bangsa Ceria,SD,-7.2489001,112.7796234
node/9816232339,SD Muhammadiyah 6 Surabaya,SD,-7.307135,112.7390381
node/9816256949,SMP Muhammadiyah 4,SMP,-7.3070555,112.739056
node/9832080555,SMP Muhammadiyah 10 Surabaya,SMP,-7.2613254,112.78915
node/9832086808,SMP Negeri 59 Surabaya,SMP,-7.3222334,112.6854425
node/13381125201,SMP Bina Taruna Surabaya,SMP,-7.3075323,112.7387685
node/13475865601,SDN Tenggilis Mejoyo 1,SD,-7.3131164,112.7581571
way/36977874,SMP Negeri 37 Surabaya,SMP,-7.2482835,112.7496357
way/122095553,SD Muhammadiyah 26,SD,-7.2901849,112.800072
way/122095554,"Vita School SD, SMP, SMA",SD,-7.2897188,112.7891156
way/125578780,SMP Negeri 9 Surabaya,SMP,-7.2500157,112.7653516
way/138697625,SMP Negeri 21 Surabaya,SMP,-7.3191105,112.7137949
way/185056169,SMP Sapta Marga,SMP,-7.2708222,112.7386829
way/230174155,SMP Negeri 3 Surabaya,SMP,-7.2561841,112.7361519
way/277765658,SMP Negeri 40 Surabaya,SMP,-7.3179887,112.6486615
way/295270552,SD Negeri Margorejo IV/406,SD,-7.3104973,112.7437427
way/307262168,SD Negeri Dr. Soetomo V-VIII,SD,-7.2856399,112.7351001
way/311395473,SMP Negeri 35,SMP,-7.3274602,112.7728435
way/311411556,SD Negeri Rungkut Kidul I/267,SD,-7.3300049,112.7709265
way/344116467,SD-SMA Surabaya Intercultural School,SD,-7.2914831,112.6496538
way/349654548,SMP Katolik Karitas,SMP,-7.2668124,112.6622717
way/350860437,SMP Jalan Jawa,SMP,-7.2950472,112.7452789
way/363727022,SD Negeri Banyu Urip VIII/ 522,SD,-7.2731184,112.7215919
way/363727024,SD Negeri Banyu Urip IV/ 365,SD,-7.2729087,112.72166
way/422089747,SD-SMP-SMA-SMK Gema 45,SD,-7.2904447,112.7211286
way/423209957,SD Negeri Kaliasin 1 & 3,SD,-7.2641873,112.7436676
way/429000274,SMP Negeri 6 Surabaya,SMP,-7.273867,112.7485632
way/435125419,TK SD SMP St. Katarina,SD,-7.2814948,112.7423202
way/446945360,SMP negeri 12 Surabaya,SMP,-7.2975224,112.7443142
way/446965919,SMP Ipiems,SMP,-7.2860751,112.7642488
way/447150265,SD Wahid Hasyim 2,SD,-7.2910187,112.7646031
way/447356934,SD Bahrul Ulum,SD,-7.3077222,112.7633894
way/447607837,MI Darul Hijroh,MI,-7.2624723,112.761832
way/447608016,Sekolah Dasar Negeri Gubeng III - 206,SD,-7.269412,112.7535019
way/447608026,SD Negeri Pacar Keling X,SD,-7.2674335,112.754024
way/447608852,SD Negeri Kaliasin 6,SD,-7.2756416,112.7398539
way/447611414,SMP UNESA 2,SMP,-7.2665946,112.7547044
way/447611452,SD Negeri Kedung Cowek II,SD,-7.2190192,112.7780391
way/447611453,SD Negeri Kedung Cowek I,SD,-7.2189031,112.7777276
way/447613193,SD Benteng Samudro,SD,-7.2196108,112.7769397
way/447613366,SD Islam Maryam,SD,-7.2811908,112.7614755
way/447613793,MI Ribath Darut Tauhid,MI,-7.2204435,112.7872038
way/447626234,SDN Kedungdoro VII,SD,-7.2629099,112.7361883
way/447630300,SDN Kedungdoro II/307,SD,-7.2624112,112.7340744
way/447631061,SDN Kaliasin 5 Surabaya,SD,-7.2713757,112.7395495
way/447634932,SD Negeri Kapasari VIII,SD,-7.2507656,112.7503115
way/447635917,"SD Negeri Rangkah I, SD Negeri Rangkah IV",SD,-7.2484974,112.7595601
way/447642530,SD Negeri Keputran VI No. 337,SD,-7.2881186,112.7404925
way/447646467,SMP Katolik St.Agnes,SMP,-7.2574002,112.754868
way/447693939,PG/TK SD SMP Anugerah Pekerti,SD,-7.2869571,112.7449539
way/448068900,SMP 17 Agustus 1945 Surabaya,SMP,-7.2982275,112.7680597
way/448069251,SD Negeri Kapasari V - 296,SD,-7.2512733,112.7508291
way/448071252,SD Negeri Tambaksari III,SD,-7.2508246,112.7546594
way/448071468,SD Negeri Ketabang 1,SD,-7.2556494,112.7476166
way/448095595,TK MI SMP Mabadie Khoiri Ummah,MI,-7.275669,112.7421095
way/448095838,"TK, SD, SMP Mandala",SD,-7.2494273,112.7661508
way/448097574,TK dan SD Petra 5,SD,-7.290897,112.7847968
way/448102467,SD Negeri Gading V & VIII,SD,-7.2406834,112.7627247
way/448106599,TK dan SD Kristen Santa Anna,SD,-7.2957962,112.7629494
way/448113045,SMP Taruna Jaya I,SMP,-7.2269482,112.7787795
way/448114529,SMP Unggulan Bina Insana,SMP,-7.2572052,112.7569976
way/448118194,SMP-SMA-SMEA Jaya Sakti,SMP,-7.2529324,112.7664063
way/448232686,SMP Muhammadiyah 9 Surabaya,SMP,-7.2728014,112.7644586
way/448233095,SD Negeri Gading IV,SD,-7.2422649,112.7711971
way/448244276,SMP Negeri 18 Surabaya,SMP,-7.2431192,112.7897208
way/448244373,SD Santa Lorent,SD,-7.2511221,112.7832068
way/448246823,SD Muhammadiyah 10,SD,-7.2389609,112.7613862
way/448267953,SD Negeri Kedungdoro V/310,SD,-7.266335,112.7334022
way/448268006,SMP Negri 52 Surabaya,SMP,-7.3051374,112.7821541
way/448269767,SDN Semolowaru 2/262,SD,-7.3003136,112.7795773
way/448270642,SDN Kedungdoro IV,SD,-7.263039,112.735978
way/448271540,SD Muhammadiyah 3,SD,-7.2470707,112.7605347
way/448271553,SMP Muhammadiyah 13,SMP,-7.2471094,112.7607393
way/448276608,SD Islam- MI Putra Bhakti,SD,-7.2535815,112.762347
way/448291447,"TK, SD & SMP Islam Raden Paku Surabaya",SD,-7.2826943,112.7754909
way/448337874,SD Negeri Komplek Kenjeran II,SD,-7.2473801,112.793149
way/448439408,SD Negeri Manyar Sabrangan II/231,SD,-7.2845087,112.7680525
way/448445819,SDN Kedungdoro I/306,SD,-7.2638776,112.7328088
way/448445942,TK dan SD Islam Raden Patah,SD,-7.2988108,112.7751989
way/448477365,TK-SD Pengharapan,SD,-7.2748415,112.7287285
way/448477790,SD-SMP-SMA Santa Maria,SD,-7.2837253,112.7408162
way/448478895,SMP Noor Mushola,SMP,-7.2502796,112.760461
way/448768600,SD Pelita Bangsa,SD,-7.2440359,112.7680805
way/448770102,SD Mabadiul Ulum,SD,-7.2820391,112.7879607
way/449149849,SD Negeri Pacar Kembang IV,SD,-7.263804,112.7635538
way/449150132,SMP Muhammadiyah 2 Surabaya,SMP,-7.2578298,112.7414539
way/449151865,SD Negeri Pacarkembang,SD,-7.2562786,112.765432
way/449152116,SD Angkasa Surabaya,SD,-7.251532,112.7933991
way/449174917,SMP 19 Surabaya,SMP,-7.2882447,112.780351
way/449174919,SD Negri Klampis Ngasem 1,SD,-7.2885677,112.778587
way/449296674,SD Ma'arif NU Wali Idris,SD,-7.2475494,112.7677151
way/449296676,"SD Negeri Rangkah VI, SD Negeri Rangkah VII",SD,-7.2488259,112.7600892
way/449296677,SD Swasta Rangkah 6,SD,-7.2468529,112.7654896
way/449296679,SMP Tritunggal,SMP,-7.2468807,112.7655434
way/449316568,SD Negeri Manyar Sabrangan 3,SD,-7.2849156,112.7739343
way/449316569,SD Negeri Klampis Ngasem 3,SD,-7.2810928,112.7714031
way/449316570,SMP Kristen Petra 3 & SMA Kristen Petra 2,SMP,-7.2848346,112.7687872
way/449316572,SD Negeri Klampis Ngasem 5,SD,-7.2851985,112.7737939
way/449316573,SMP & SMA Giki 3,SMP,-7.2873892,112.7755135
way/449327168,SMP PGRI XI,SMP,-7.2389394,112.7732328
way/449476757,SD Muhammadiyah 18,SD,-7.2653259,112.7795105
way/449510502,SMP Bunga Bangsa,SMP,-7.2922538,112.8058913
way/449510523,SD Bunga Bangsa,SD,-7.2921924,112.8053015
way/449512553,SD Negeri Gading III,SD,-7.2479587,112.7789512
way/449512565,SD Negeri Gading 1,SD,-7.2451932,112.7695033
way/449519053,TK-SD Islam Ash-Shiddiqii,SD,-7.2334393,112.7794587
way/449519088,MI Al Azhar,MI,-7.236823,112.7761129
way/449621547,SD Negeri Tambak Wedi I,SD,-7.2112145,112.7777306
way/449622602,SD Negeri Ketabang,SD,-7.2542158,112.7462515
way/449624495,SD Negeri Bulak Rukem I,SD,-7.2327213,112.7738783
way/449624540,MI Kyai Tambak Deres,MI,-7.2319496,112.7808912
way/449624561,SD Tri Guna Bhakti,SD,-7.2327294,112.7764651
way/449624590,SD Kristen YBPK,SD,-7.2647588,112.7557073
way/449624591,SD Negeri Pacar Keling 1,SD,-7.2588341,112.7604435
way/449624592,SD Negeri Pacar Keling 5-6-7-8,SD,-7.258024,112.7550497
way/449624597,SMP Kristen YBPK,SMP,-7.2650749,112.7557748
way/449624598,SMPN 29 Surabaya,SMP,-7.2659374,112.7558135
way/449648205,TK & SD Pancaran Kasih,SD,-7.2574026,112.7366
way/449648218,SMP Negeri 4 Surabaya,SMP,-7.2568014,112.7357965
way/449661163,SD Negeri Kapasan V,SD,-7.2433401,112.7548108
way/449662054,SD Muhammadiyah 2,SD,-7.2527465,112.7377196
way/449665874,SD Muhammadiyah 17,SD,-7.2360083,112.7521172
way/449668854,SMP Panglima Sudirman,SMP,-7.3012443,112.7690346
way/449784741,MI Ma'arif NU Nurul Huda I,MI,-7.2392338,112.7588782
way/449809900,SD Negeri Simokerto VI,SD,-7.2364779,112.7577293
way/449818712,SD Al-Aziz,SD,-7.2462205,112.7443566
way/449823610,SD Negeri Sidotopo Wetan I & II,SD,-7.2332529,112.7581159
way/449826522,SD Negeri Menur Pumpungan 4,SD,-7.2993116,112.7648496
way/449826523,SD Negeri Menur Pumpungan,SD,-7.2885451,112.7659991
way/449826526,SD Negeri Menur Pumpungan V,SD,-7.2971207,112.7644104
way/449832302,MI Miftahul Ulum,MI,-7.2279027,112.7453389
way/449835815,SD Negeri Dr. Soetomo I,SD,-7.2765646,112.7332256
way/449835819,SD/MI Miftahul Ulum,SD,-7.2745232,112.7276117
way/449835823,SMP Negeri 10 Surabaya,SMP,-7.2777769,112.7325968
way/449835832,SMP Swasta Praja Mukti,SMP,-7.277042,112.7326477
way/449836035,SD Swasta Shanti,SD,-7.2460046,112.745818
way/449837216,SMP Negeri 15 Surabaya,SMP,-7.2262788,112.7758738
way/449842366,SD Negeri Gading VII & IX,SD,-7.2424409,112.765306
way/450292745,SD Negeri Simokerto V,SD,-7.241045,112.7560251
way/450293641,TK-SD-MTs Al Furqon,SD,-7.2365774,112.7738448
way/450295222,SD Negeri Simokerto I,SD,-7.2390251,112.7508198
way/450307278,SD Negeri Kapasan IX,SD,-7.2393662,112.7455518
way/450315798,SD Yapita,SD,-7.294068,112.8007232
way/450316616,SMP Negeri 23 Surabaya,SMP,-7.3199654,112.7775606
way/450507068,SD Negeri Kalisari I,SD,-7.2612227,112.796486
way/450507070,"TK, SD, SLTP Al - Azhar Kelapa Gading Surabaya",SD,-7.2675324,112.7991902
way/450515743,SD Simolawang KIP,SD,-7.2347163,112.752012
way/450519110,SD Negeri Bulak Banteng I & II,SD,-7.2125137,112.7621815
way/450519111,SMP Cahaya Surabaya,SMP,-7.212504,112.761316
way/450534431,SD Kemala Bhayangkari 2,SD,-7.2370638,112.7468242
way/450534458,SD Negeri Sidodadi I,SD,-7.2370321,112.7465799
way/450536485,SD Negeri Ploso V,SD,-7.251375,112.7741626
way/450536487,TK-SD-SMP-SMA Mardi Siswi,SD,-7.2507046,112.7562278
way/450536489,SMP PGRI 1 Surabaya,SMP,-7.2516897,112.7738951
way/450536490,SD Negeri Ploso I,SD,-7.2518029,112.7636384
way/450536492,SD Negeri Ploso III,SD,-7.2514442,112.7709145
way/450536493,SMP Islam Baitul Amien,SMP,-7.2513741,112.7705261
way/450537997,SD Negeri Kertajaya IV,SD,-7.2832467,112.7518648
way/450540457,MTs Makarimul Akhlaq,MTs,-7.2245461,112.7537073
way/450544763,MTs Al Khusnaniyah,MTs,-7.2303718,112.7448177
way/450549375,Yayasan Dwi Darma (SD Kreatif An Nur),SD,-7.3006416,112.7761562
way/450549749,Yayasan Dwi Darma (SMP Kreatif An Nur),SMP,-7.3010432,112.7761957
way/450554530,SD Muhammadiyah 19,SD,-7.2321325,112.7431915
way/450692009,SD Al Islamiyah,SD,-7.2329377,112.7414722
way/450692759,TK-MI-MTs-MA Sunan Ampel,MI,-7.2210014,112.7562363
way/450697655,SD Negeri Peneleh I,SD,-7.2495742,112.7448881
way/450719851,SD-SMP-SMA Sasana Bhakti,SD,-7.2477583,112.7427798
way/450772006,SD Negeri Kalijudan II,SD,-7.2571061,112.779005
way/450914317,SMP-SMK Brawijaya,SMP,-7.2967079,112.7551897
way/450927047,"TK, SD, SMP Kristen Bethel Surabaya",SD,-7.2469243,112.7557421
way/450942535,SD II Al-Khairiyah,SD,-7.2305877,112.7441169
way/450956830,SD Negeri Krembangan Selatan X,SD,-7.2332931,112.7317303
way/450956835,SD Negeri Krembangan Selatan IX,SD,-7.2328706,112.731862
way/450958729,TK dan SD Al Falah,SD,-7.3049118,112.7784101
way/450968408,MTs Negeri 1 Surabaya,MTs,-7.3080955,112.7863865
way/450968410,SMP Negeri 30 Surabaya,SMP,-7.3070097,112.7902185
way/450968420,SD Juara,SD,-7.3088515,112.7817548
way/450988780,SD Negeri Jagir I nomor 393,SD,-7.3046266,112.7526725
way/450988781,SD RA Kartini,SD,-7.3035474,112.7476108
way/451030171,KB-TK-SD Kristen Petra 7,SD,-7.2492453,112.7480521
way/451030172,SD Negeri Kapasari I,SD,-7.2471214,112.749891
way/451090159,SD Negeri Sidotopo I-II-III & VIII,SD,-7.230176,112.7527556
way/451090161,SMP-SMA Unggulan Abu Syamsuddin,SMP,-7.2309939,112.7510882
way/451090164,SD Negeri Sidotopo IV,SD,-7.2317014,112.7493017
way/451090165,SMP Kemala Bhayangkari 8,SMP,-7.2324374,112.7538158
way/451090215,TK - MI Sabilil Muhtadin,MI,-7.2293654,112.753928
way/451090216,TK-SD Ibnu Husain,SD,-7.2304774,112.7499471
way/451271256,SD Negeri Tanah Kali Kedinding 1,SD,-7.2290565,112.7800654
way/451271261,"SDN Tanah Kali Kedinding II,IV,VI,VII",SD,-7.233173,112.7681765
way/451275121,SD Negeri Tanah Kali Kedinding V dan VII,SD,-7.2261129,112.7686251
way/451283930,SMP Muhammadiyah 15 Surabaya,SMP,-7.2319823,112.7647161
way/451283935,Yayasan pendidikan KB-TK-SD-SMP Taman Belajar,SD,-7.2313881,112.7740096
way/451286550,SDN DR SUTOMO IX,SD,-7.2781761,112.7364464
way/451286555,SMP Teuku Umar,SMP,-7.2782991,112.7368176
way/451286572,KB-TK-SD Siti Khadijah,SD,-7.2747748,112.7291391
way/451286579,SMP PGRI 44,SMP,-7.2772883,112.7330982
way/451286582,TK-SD Pakis Gelora,SD,-7.2857626,112.7313202
way/451291144,PG TK SD Darul Ilmy,SD,-7.3207396,112.7140917
way/451291284,SD Negeri Jambangan I,SD,-7.3174326,112.7131618
way/451292259,SD Negeri Kebonsari 1,SD,-7.3290297,112.713434
way/451292260,SD Negeri Kebonsari 2,SD,-7.3285534,112.7136151
way/451292281,SD Darul Ulum,SD,-7.3281306,112.7114708
way/451292283,SMP & SMA Al Hikmah Surabaya,SMP,-7.3246999,112.7203287
way/451292285,SMP Negeri 36 Surabaya,SMP,-7.3299478,112.713734
way/451295391,SD Maarif NU Tri Bhakti,SD,-7.2849795,112.7442922
way/451300767,SD Negeri Wonorejo VI,SD,-7.2728382,112.7325998
way/451300771,TK SD SMP Mardi Sunu,SD,-7.2724553,112.7281284
way/451303178,MI Maarif NU,MI,-7.336248,112.7055306
way/451313338,SD Negeri Kendangsari 1,SD,-7.3213213,112.7522139
way/451313363,SD Negeri Kendangsari 5,SD,-7.3211228,112.7523806
way/451487428,SMP PGRI Surabaya,SMP,-7.2526054,112.7391794
way/451492144,SD Negeri Krembangan Selatan I,SD,-7.2360412,112.7312864
way/451495195,SMP UNESA 1 Surabaya,SMP,-7.2350192,112.7296893
way/451495199,"TK, SD Al Muhsinun",SD,-7.2359439,112.7294892
way/451495741,SMP Muhammadiyah 18 Surabaya,SMP,-7.3333125,112.7839319
way/451500565,SMP Kristen Gloria 1 Surabaya,SMP,-7.2789273,112.7055071
way/451502324,SD Kristen Masa Depan Cerah,SD,-7.289985,112.6973953
way/451502362,SMP Negeri 33 Surabaya,SMP,-7.2902673,112.696642
way/451505576,SMP PGRI 61 Surabaya,SMP,-7.3371906,112.7743451
way/451506514,SD/MI Nurul Huda,SD,-7.235164,112.7289024
way/451506796,SD Bisma 2,SD,-7.3411388,112.7452666
way/451512120,SD-SMP Rahmat,SD,-7.2821864,112.7292051
way/451533242,SD Negeri Karah III Surabaya,SD,-7.3179628,112.7239886
way/451534787,SMP Negeri 47 Surabaya,SMP,-7.261083,112.6723631
way/451535221,SMP Trikarya,SMP,-7.2591179,112.6723785
way/451535970,SD Negeri Manukan Wetan IV,SD,-7.260951,112.6725247
way/451559011,SD Yamassa,SD,-7.3180426,112.7764583
way/451586288,SD Negeri Wonorejo 1 No. 312,SD,-7.2679393,112.7318025
way/451586289,SD Negeri Wonorejo III No. 314,SD,-7.2714928,112.732523
way/451586291,SD Negeri Wonorejo V,SD,-7.2723229,112.7304391
way/451586293,SD Wonorejo IV No 315,SD,-7.2699342,112.7329017
way/451622025,"TK, SD, TPQ Saroja",SD,-7.331278,112.7472262
way/451655790,Sekolah Kreatif SD Muhammadiyah 20 Surabaya,SD,-7.2543185,112.7228284
way/451664141,SMP Taman Siswa,SMP,-7.2640206,112.6735594
way/451665512,SD Negeri Tembok Dukuh,SD,-7.2536586,112.7200891
way/451669663,SD Negeri Perak Barat IV,SD,-7.2303384,112.7257265
way/451669978,Madrasah Ibtidaiyah At Taqwa,MI,-7.3194546,112.7826715
way/451672861,KB TK SD SMP SMA Yayasan Kemala Bhayangkari Surabaya,SD,-7.3110472,112.734264
way/451673267,SD Islam Al Muawanah,SD,-7.2495605,112.6413593
way/451806924,SMP PGRI 7,SMP,-7.2312149,112.7324455
way/451806979,SD Muhammadiyah 13,SD,-7.2310371,112.7322982
way/451810380,SD Dapuan,SD,-7.2299035,112.7365316
way/451811454,SMP Negeri 8 Surabaya,SMP,-7.2426822,112.7461712
way/451827022,SMP PGRI 7,SMP,-7.226445,112.7356003
way/451830978,SD Negeri Krembangan Utara I/56 Surabaya,SD,-7.2286394,112.7328196
way/451836071,SD Trisula,SD,-7.2234877,112.7334446
way/451850985,MTS Budi Dharma,MTs,-7.3022803,112.7294542
way/451850989,SD Negeri Wonokromo I/ 390,SD,-7.3030025,112.7324466
way/451850994,SMP Widya Darma,SMP,-7.306812,112.7305388
way/451981970,SD Ma'arif NU Nurul Islam,SD,-7.2427343,112.7550217
way/451981971,SD Negeri Kapasan III,SD,-7.2413909,112.7509882
way/451981990,SMP Negeri 41,SMP,-7.2418076,112.7508133
way/451986390,RA MI Muslimat NU,MI,-7.220668,112.7630244
way/452014422,SD Katolik Pecinta Damai,SD,-7.2313629,112.7645688
way/452014931,SMP Katolik Pencinta Damai,SMP,-7.2308783,112.7636908
way/452020433,SMP YP 17,SMP,-7.229068,112.7632479
way/452021840,TK-MI Darul Ulum,MI,-7.2206304,112.7526979
way/452033015,SD-MI Cokroaminoto,SD,-7.2291376,112.7426965
way/452033092,MI Al-Khusnaniyah,MI,-7.230117,112.7437863
way/452033374,SD. Al Falah,SD,-7.2943809,112.7396323
way/452172683,SD Muhammadiyah 21,SD,-7.2143711,112.7538325
way/452173175,SD Dharma Siswa,SD,-7.2208738,112.7620501
way/452173176,SD Negeri Sidotopo Wetan IV,SD,-7.226945,112.763592
way/452173859,TK-MI-SMP Al Ghozali,MI,-7.2234287,112.7435069
way/452174330,MI Islamiyah,MI,-7.2233763,112.7533188
way/452178888,SD Negeri Perak Utara II/59,SD,-7.2159939,112.7320569
way/452187279,MI Al Ichsan,MI,-7.2125257,112.7696683
way/452188946,SD Negeri Sidotopo Wetan V,SD,-7.227058,112.7672118
way/452188947,SMP Negeri 58 Surabaya,SMP,-7.2273651,112.7670179
way/452202814,SD Maarif NU Al Ichsan,SD,-7.2225004,112.7657878
way/452210836,MI Al-Amin,MI,-7.2164059,112.73616
way/452344011,SMP YP 17,SMP,-7.236278,112.7576628
way/452388985,MI Muhammadiyah 25,MI,-7.2338316,112.7588591
way/452390751,SD Negeri Lakarsantri 2 No.473,SD,-7.3036176,112.6336126
way/452390753,SD Negeri Lakarsantri 1 No. 472,SD,-7.3031289,112.630698
way/452390754,MTS Negeri Surabaya 2,MTs,-7.2998964,112.6337279
way/452390755,"TK, SD dan SMP Islam UTSMAN Bin Affan",SD,-7.3066207,112.6360393
way/452390756,SMP Cita Hati,SMP,-7.2991674,112.6354535
way/452390762,MI AT-Taufiq,MI,-7.3008753,112.6337461
way/452573831,TK-SD-SMP Al Huda,SD,-7.2219468,112.7587969
way/452574521,SD Negeri Perak Utara III,SD,-7.2137527,112.7296319
way/452575861,MI Raden Rahmat,MI,-7.2606428,112.6446816
way/452575868,SD Negeri Beringin No. 477,SD,-7.2600557,112.6465282
way/452575869,SMP Giri Surya,SMP,-7.2599547,112.6480568
way/452577212,SD Negeri Jeruk 2,SD,-7.305357,112.6401977
way/452577224,TK dan SD Islamiyah Lakarsantri Surabaya,SD,-7.3047502,112.6424514
way/452578172,KB - TK - SD - SMP Hasanudin,SD,-7.3317179,112.6889647
way/452579496,SD Negeri Lakarsantri 3 No 474,SD,-7.2997633,112.6329354
way/452580506,KB TK SD Dapena,SD,-7.2796208,112.7442433
way/452580526,SD Negeri Keputran I No. 332,SD,-7.2858139,112.7427232
way/452581256,MTs Al Muttaqin,MTs,-7.271623,112.6441742
way/452581262,TK MI Nurul Hidayah,MI,-7.2793615,112.6307233
way/452585722,SD Al Istiqomah,SD,-7.2125486,112.7359741
way/452601136,RA-MI Al Kautsar,MI,-7.2258698,112.754487
way/452601161,RA/MI Mambaul Ulum,MI,-7.2262648,112.7520415
way/452601162,SD-MI-SMP KH. M. Nur,SD,-7.2261921,112.7465876
way/452601164,SD Negeri Pegirian I,SD,-7.2239289,112.7503887
way/452621223,MI Darusalam,MI,-7.2167342,112.7682349
way/452622785,SMP SMA Masa Depan Cerah,SMP,-7.2804995,112.6436981
way/453244904,SMP SMA SMK Wachid Hasyim,SMP,-7.2322086,112.7602973
way/453248828,SD Negeri Made 1,SD,-7.2769696,112.6363851
way/453438721,SD Darussalam,SD,-7.2305866,112.7304946
way/453439344,SMP Negeri 31 Surabaya,SMP,-7.2194378,112.7665164
way/453631123,SD Negeri Lidah Kulon 1,SD,-7.3059225,112.6526036
way/453631125,SD Negeri Lidah Kulon 4,SD,-7.3011657,112.6615072
way/453632406,SD Negeri Sidodadi II,SD,-7.2361307,112.7457376
way/453637967,SD Negeri Lidah Kulon 3,SD,-7.2990133,112.6533513
way/453642902,SD Negeri Tandes Kidul II/112,SD,-7.2613705,112.6875874
way/453642905,SD Negeri Tandes Lor I/94,SD,-7.2609966,112.6877164
way/453643728,SMP Negeri 20,SMP,-7.2697819,112.6529159
way/453643733,SD Negeri Sambikerep III,SD,-7.2657022,112.6558752
way/453643741,SD Negeri Sambikerep I/479 & SD Negeri Sambikerep V/613,SD,-7.2750438,112.6535659
way/453643742,SD Negeri Sambikerep II/480,SD,-7.2658811,112.6563307
way/453643793,MI H Hasan Al Hasyim,MI,-7.2767306,112.6533387
way/453647608,SMP Negeri 44,SMP,-7.2307285,112.7459887
way/453647676,"RA, MI, dan SMA Darus Sa'adah",MI,-7.2335341,112.7526105
way/453650822,SD Karya Tunggal,SD,-7.2241166,112.7562888
way/453650825,SD Al Ikhlas,SD,-7.2158445,112.7581183
way/453651283,TK-SD-SMP Laboratorium Unesa,SD,-7.3113503,112.7261462
way/453652701,SD Negeri Krembangan Utara II,SD,-7.2268308,112.7361947
way/453707167,SD Negeri Wonokusumo I,SD,-7.222099,112.7517441
way/453707168,SD Negeri Wonokusumo VI & VII,SD,-7.2171814,112.7543089
way/453707169,SMP Citra Dharma Surabaya,SMP,-7.2163738,112.7507942
way/453707170,SD Negeri Wonokusumo IV/43 & VIII/594,SD,-7.2201864,112.7523283
way/453870116,SD Negeri Perak Barat,SD,-7.2238773,112.7312349
way/453871629,SMP Muhammadiyah 11,SMP,-7.238732,112.7200181
way/453872765,SMP Negeri 7,SMP,-7.2243226,112.7300204
way/453881624,"TK, MI, SMP 2 Bina Bangsa",MI,-7.2381269,112.7272978
way/453890981,SD Ma'arif NU K.Abdullah Ubaid,SD,-7.2501899,112.7243831
way/453903514,MTS Waqid Hasyim,MTs,-7.2312536,112.7114959
way/453934616,Yayasan Attarbiyah (TK-SD-SMP-SMA),SD,-7.2232524,112.7403686
way/453934630,SD Negeri Ujung IX/34,SD,-7.2249079,112.7446376
way/453934635,SMP Negeri 11 Surabaya,SMP,-7.2234309,112.744057
way/453934637,PAUD-TK-SD-SMP-SMA-SMK Al-Irsyad Surabaya,SD,-7.2244606,112.7414273
way/453934646,KB-TK-SDI-SMP Diniyah Lil Banin Al khairiyah,SMP,-7.2251418,112.7426459
way/453936268,SD Negeri Sawahan I,SD,-7.2606141,112.7303141
way/453938111,SD - SMP Katolik Stella Maris,SD,-7.2464863,112.7365013
way/453938172,SD & TK Halimah,SD,-7.247696,112.7372798
way/453938208,SMP Wachid Hasyim,SMP,-7.2477021,112.737464
way/453940553,SD Negeri Asemrowo,SD,-7.2518686,112.7147727
way/454131797,MI MTs Nyai H. Ashfiyah,MI,-7.2838199,112.6686113
way/454131799,SMP SMA Shafta,SMP,-7.2842362,112.6663832
way/454147198,SMP Swasta Bina Karya,SMP,-7.2353411,112.7121904
way/454147209,SMP Bina Karya,SMP,-7.2362214,112.7118507
way/454147481,SD Ma'arif NU KH.Thohir Bakri,SD,-7.2479615,112.7274239
way/454147582,SD Bina Karya,SD,-7.236215,112.712136
way/454182462,SD Muhammadiyah 12,SD,-7.2433954,112.7269227
way/454182885,TK / SD Nurul Hidayah I,SD,-7.2437266,112.7267525
way/454182889,SMP muhammadiyah 7 Dupak Jaya,SMP,-7.2431831,112.7259973
way/454182890,SD Negeri Gundih,SD,-7.244985,112.7258996
way/454782246,SD Negeri Pakis III,SD,-7.2837592,112.7175406
way/454803500,SD Negeri Pegirian II,SD,-7.2252008,112.7526414
way/454990548,SD Negeri Alun Alun Contong I,SD,-7.246715,112.7406087
way/454995056,SD MA'arif Nurul Ulum,SD,-7.231859,112.7148745
way/455010174,SD Kristen Petra 10,SD,-7.2716926,112.687433
way/455011232,SMP Negeri 38 Surabaya,SMP,-7.2342261,112.7348717
way/455011233,SMP Negeri 5 Surabaya,SMP,-7.2348959,112.7313598
way/455011983,SMP PGRI 6,SMP,-7.2156674,112.7580639
way/455014226,SD Negeri Krembangan Selatan 7,SD,-7.2405785,112.7356482
way/455014229,SMP Negeri 2 Surabaya,SMP,-7.2426844,112.7361996
way/455014265,"TK, SD, SMP, dan SMA TA'Miriyah",SD,-7.2427813,112.7358046
way/455195444,SMP Negeri 27 Surabaya,SMP,-7.210198,112.7568692
way/455195773,SD Muhammadiyah 15 Surabaya,SD,-7.3121687,112.7096219
way/455195774,SD Negeri Jajar Tunggal I,SD,-7.3072394,112.7110099
way/455229319,SMP Muhammadiyah 17 Surabaya,SMP,-7.3120405,112.7091772
way/455257247,SMP Negeri 16 Surabaya,SMP,-7.3241385,112.7065252
way/455426592,SD Muhammadiyah 11 Surabaya,SD,-7.2393154,112.7197017
way/455426720,"KB, TK, MI, SD Islam Sabilas Salam",SD,-7.2378916,112.7175121
way/455426725,SMP Tunas Buana,SMP,-7.2398886,112.7176725
way/455433669,"KB, TK, SD, SMP, SMA Pirngadi",SD,-7.2523031,112.7339067
way/455433672,SD Negeri Bubutan II,SD,-7.2519908,112.7339665
way/455433701,SD Negeri Bubutan III,SD,-7.2541666,112.7336597
way/455433702,SD Negeri Bubutan VIII,SD,-7.2541084,112.7290891
way/455437277,SD Negeri Kwijenan II,SD,-7.2776863,112.6994136
way/455447403,MTS Tanbihul Ghogilin,MTs,-7.2391004,112.7115792
way/455447411,SD Tunas Bahari,SD,-7.2293134,112.7081305
way/455468112,SD Al-Hikmah Surabaya,SD,-7.3310118,112.7227214
way/455595602,MTS Islam Kartika,MTs,-7.2311236,112.7115058
way/455595610,SD Muhammadiyah,SD,-7.2378889,112.7136316
way/455596283,SD SMP SMA Masjid Besar Baitul Fattah,SD,-7.2642526,112.6675827
way/455596560,SD Negeri Krembangan Selatan III,SD,-7.2442021,112.7366856
way/455598862,SD Negeri Bangkingan 2,SD,-7.3258698,112.6578681
way/455598871,Yayasan Pendidikan Nurul Huda (RA MI SMP),MI,-7.3234598,112.6594348
way/455599008,MI KH Abu Mansur,MI,-7.3074332,112.6661877
way/455599050,TK SD SMP Cikal,SD,-7.2823294,112.6640001
way/455599083,SD Negeri Lontar 481,SD,-7.2741453,112.6625193
way/455599087,SD SMP SMA Islam Al Mizan,SD,-7.2694662,112.6708433
way/455599090,SMP SMU SMK Garuda Wira Maritim,SMP,-7.2723371,112.665509
way/455599808,MI Sabilul Muttaqin,MI,-7.2399732,112.7172549
way/455611431,SD Negeri Sumur Welut 3,SD,-7.3252137,112.6719519
way/455611432,SD Negeri Sumur Welut 1 No.438,SD,-7.3246297,112.6675038
way/455658096,TK - MI - SD Bahrul Ulum,SD,-7.3128014,112.6937003
way/455658134,SD Negeri Wiyung I,SD,-7.314399,112.6946613
way/455658136,SMP Negeri 34 Surabaya,SMP,-7.3194056,112.6871736
way/455658749,PG TK SD SMP Khadijah 2,SD,-7.280395,112.6906194
way/455662451,SD Negeri Putat Jaya I/377 & Putat Jaya V/381,SD,-7.2800813,112.7174724
way/455662466,TK-SD Tunas Bakti 6,SD,-7.2789241,112.7254739
way/455663225,SD Negeri Pradah Kali Kendal 1,SD,-7.283426,112.6877485
way/455663789,SD Negeri Dupak I,SD,-7.239369,112.7166129
way/455663860,SD Negeri Dupak V,SD,-7.239446,112.716826
way/455669197,SMP Katolis Angelus Custos II Surabaya,SMP,-7.3271699,112.6957094
way/455675589,SD Negeri Tembok Dukuh III,SD,-7.249678,112.7180557
way/455675735,SMP Islam Surabaya,SMP,-7.2482343,112.7187057
way/455676623,SD Katolik Karitas III,SD,-7.2780524,112.6846744
way/455679644,SD Negeri Pakis VIII & SMP Negeri 46 Surabaya,SD,-7.2884236,112.7199859
way/455679645,SD Negeri Pakis V,SD,-7.2831481,112.7222611
way/455679646,TK-SD Kristen Petra 11,SD,-7.283951,112.7216062
way/455679647,SD Negeri Pakis I-II & IX,SD,-7.2880976,112.7241709
way/455686403,SD Negeri Putat Jaya II/37,SD,-7.2814477,112.7168756
way/455686404,TK-SMP Panja Jaya,SMP,-7.2798964,112.7175247
way/456281844,SD Negeri Putat Gede I,SD,-7.289006,112.6958982
way/456282186,SD Negeri Warugunung I / 448,SD,-7.3498058,112.6662532
way/456309944,SD Kristen Kalam Kudus,SD,-7.27382,112.7003388
way/456333623,SMP Kristen Petra 1,SMP,-7.2822065,112.6849453
way/456485196,SD Negeri Margorejo VI,SD,-7.3211162,112.7393595
way/456498105,SMP Dharma Wanita,SMP,-7.3242728,112.7464154
way/456498136,SD Negeri Lidah Wetan 4/566,SD,-7.3083194,112.6726844
way/456498140,SD Negeri Lidah Wetan 2/462,SD,-7.3080126,112.6649401
way/456498141,SMP Negeri 28,SMP,-7.3086937,112.6648371
way/456498621,Alfa Omega School ( TK SD SMP ),SD,-7.2772452,112.6848094
way/456498637,Great Crystal School and Course Centre TK SD SMP,SD,-7.2789837,112.6940719
way/456498666,MI MTS Badrussalam,MI,-7.2837897,112.6879547
way/456498678,SD Mimi School,SD,-7.2834418,112.6910492
way/456498680,SMP Katolik Karitas III,SMP,-7.2783378,112.6849114
way/456498686,TK SD Baptis Imanuel,SD,-7.286763,112.6931986
way/456498689,TK-SD-SMP-SMA Metta School,SD,-7.2753259,112.6846445
way/456510519,PG-TK-SD-SMP Kristen Aletheia,SD,-7.2545473,112.7212935
way/456524761,SMP Kartika Nasional,SMP,-7.3214919,112.7482521
way/456527285,SMP AL-IKhlash,SMP,-7.2242993,112.7268606
way/456527286,SMPN Hang Tuah IV,SMP,-7.2272594,112.7267442
way/456527288,SD Negeri Perak Barat VI,SD,-7.2295616,112.7233202
way/456527318,SD Al Ikhlas,SD,-7.2246693,112.7268956
way/456527441,SD dan TK Mursyidah,SD,-7.2113486,112.6518639
way/456533055,Yayasan Gita Kirtti (TK-SD-SMP-SMA-SMK GIKI Surabaya),SD,-7.2765036,112.7112489
way/456533081,SD Negeri Putat Jaya IV/380,SD,-7.2724739,112.7114724
way/456533119,SD Kartika,SD,-7.2714348,112.7152021
way/456533132,SD Negeri Putat Jaya III/379,SD,-7.2735912,112.7156442
way/456544654,SD Negeri Banyu Urip IX/563,SD,-7.2754938,112.7259361
way/456685293,SMP Negeri 50 Surabaya,SMP,-7.2623349,112.6964275
way/456697763,SD Teologi Kristen Pelangi Kristus,SD,-7.3312405,112.7352579
way/456700861,TK-SD-SMP Kristen Bethel Sulung 3 Surabaya,SD,-7.332225,112.743561
way/456702728,SD Negeri Tanjungsari,SD,-7.2773904,112.6876599
way/456704005,TK-SD-SMP Yayasan Manguni,SD,-7.2654179,112.692341
way/456708820,SD Negeri Kupang Krajan I,SD,-7.2685824,112.7193814
way/456713947,SD Hangtuah VII,SD,-7.3052695,112.7084257
way/456727566,SD Negeri Simomulyo VII,SD,-7.2645836,112.7117689
way/456732854,SD Negeri Banyu Urip X,SD,-7.270516,112.7155519
way/456734543,SD Negeri Simomulyo IV,SD,-7.2645388,112.711335
way/457119113,SD Negeri Karah I,SD,-7.3098028,112.7199629
way/457121543,SMP Negeri 56 Surabaya,SMP,-7.2840336,112.7076603
way/457121544,SD Negeri Dukuh Kupang I No 488,SD,-7.2843767,112.7075879
way/457145792,"KB & TK Aisyiyah 5, SD Muhammadiyah 11",SD,-7.2380325,112.7196199
way/457150251,SD An-Nur,SD,-7.2597874,112.7059866
way/457166775,MI Mambaul Ulum,MI,-7.2261085,112.6646048
way/457806789,MI H.Achmad Ali Surabaya,MI,-7.2376334,112.6370285
way/457808582,SD Kyai Rodliyah,SD,-7.2591494,112.6276222
way/458000372,SD Negeri Dukuh Pakis 1,SD,-7.2941587,112.7112475
way/458003033,SD Negeri Simomulyo III/56,SD,-7.2707285,112.7053777
way/458003374,SMP PGRI 47,SMP,-7.2881954,112.7114923
way/458006634,SMP Kartini,SMP,-7.2701213,112.7060404
way/458008069,SMP Negeri 51 Surabaya,SMP,-7.3314997,112.686
way/458009014,SD Negeri Banyu Urip V/ 486,SD,-7.2767463,112.7230603
way/458009235,SD Negeri Sukomanunggal III,SD,-7.26827,112.6988329
way/458009236,SD Negeri Sukomanunggal IV,SD,-7.2677364,112.6990613
way/458022130,MI Plus Mutiara Islam,MI,-7.3287852,112.7474984
way/458034152,"SDN Kemayoran 1,2",SD,-7.2402667,112.7280804
way/458202034,SD Negeri Jepara I,SD,-7.237686,112.7225424
way/458203969,SMP Wachid Hasyim 2,SMP,-7.2382949,112.7233477
way/458445135,SD Negeri Sawahan VI,SD,-7.265065,112.7245845
way/458610095,Yayasan Pendidikan Islam (SD Maarif NU Iskandar Said),SD,-7.326572,112.7494957
way/458610153,SMP Iskandar Said,SMP,-7.3269342,112.7493117
way/458628541,SD Mujahidin 2 Surabaya,SD,-7.2579911,112.6462442
way/458637577,SD Negeri Petemon II/350,SD,-7.2566678,112.7195092
way/458637580,SD Negeri Petemon I,SD,-7.2568244,112.7202056
way/458637581,SD Negeri Petemon XII/360,SD,-7.2634745,112.7132954
way/458637583,SD Negeri Petemon X/358,SD,-7.2654567,112.7176003
way/458637584,SD Negeri Petemon XIII/360,SD,-7.256354,112.714402
way/458637630,SD Negeri Petemon IX/357,SD,-7.2592251,112.7173041
way/458637632,SMP Tasbaya,SMP,-7.2662363,112.7219063
way/458638242,SMP-SMA-SMK Kawung 2,SMP,-7.2705846,112.7118087
way/458640494,SD Asy-Syafi'iyah,SD,-7.2566475,112.7063311
way/458669726,SD Negeri Banyu Urip VI/367,SD,-7.2703972,112.7140093
way/459274540,SD Mentari Kasih,SD,-7.331735,112.7916709
way/459323949,SMP Negeri 39 Surabaya,SMP,-7.3099125,112.7603895
way/459323952,SD Negeri Panjang Jiwo 1 No.265,SD,-7.3087431,112.76159
way/459323977,SD Kartika,SD,-7.3112123,112.7668222
way/459474088,SD Negeri Gunungsari I-484,SD,-7.2956329,112.7206563
way/459474564,SMP Tri Shakti Surabaya,SMP,-7.2604111,112.6839935
way/459481240,SD Masjid Mujahidin,SD,-7.2580444,112.6465515
way/459482004,SD Gunungsari II,SD,-7.3051147,112.719334
way/459499885,SMP Taman Pelajar,SMP,-7.2641299,112.7112827
way/459499887,SMK-SMP Pawiyatan,SMP,-7.2642256,112.7118701
way/459499924,SMP Negeri 25 Surabaya,SMP,-7.2620352,112.7119553
way/459525940,TK-SD Kembala Bhayangkari,SD,-7.2630478,112.7120051
way/459525941,SD/MI Al Hikmah,SD,-7.2687744,112.7096278
way/459536849,SD Negeri Tenggilis Mejoyo 1,SD,-7.3157546,112.7543289
way/459683502,SDN Babatan IV,SD,-7.3099069,112.6766915
way/459683503,SDN Babatan V,SD,-7.3098491,112.6764634
way/459707666,SMP Wardhani,SMP,-7.2620194,112.6659088
way/459766361,MI Nurul Iman,MI,-7.2676831,112.684715
way/459917155,Yayasan Pendidikan Kyai Hasyim ( KB TK SD SMP ),SD,-7.3181765,112.7588621
way/459917305,SMP Tenggilis Jaya,SMP,-7.317396,112.7631938
way/459921893,SD Negeri Dukuh Kupang II dan VII,SD,-7.2795929,112.7147966
way/459921935,KB TK SD SMP Dharma Mulya,SD,-7.2779544,112.7090829
way/459925538,SD Katolik Karitas V,SD,-7.2615764,112.6830695
way/459960994,MI Wachid Hasjim,MI,-7.2606479,112.6795983
way/459976961,TK SD SMP Katolik Indriyasana VII,SD,-7.2845608,112.7118861
way/459979355,SD Siswa Tama,SD,-7.2733244,112.725531
way/460435823,MI Miftahul Ulum,MI,-7.2241901,112.61616
way/460436390,SD Raden Patah,SD,-7.2651229,112.677655
way/460442403,MI Nurul Ulum,MI,-7.2492773,112.6733512
way/460474227,SD Dahlanuddin,SD,-7.3450424,112.8028901
way/460492683,KB-TK-SD Kristen Eleos,SD,-7.337099,112.7508907
way/460663125,MI Darul Ulum,MI,-7.2558392,112.6648862
way/460670638,SD Taquma,SD,-7.3280722,112.7346035
way/460670646,SMP Teologi Kristen Pelangi Kristus,SMP,-7.3296458,112.7356632
way/460671403,SD Islam Al Mubarok,SD,-7.3368185,112.7955187
way/460688938,TK SD Margie,SD,-7.2790573,112.7045381
way/460688942,SMP Margie,SMP,-7.2790662,112.7042977
way/460688953,"SD Negeri Dukuh Kupang III/490, SD Negeri Dukuh Kupang IV/491",SD,-7.2798073,112.7041693
way/460853348,SD Negeri Kendangsari 2,SD,-7.3227346,112.7507928
way/461055042,SMP Negeri 42 Surabaya,SMP,-7.2471994,112.7140198
way/461055044,SD Negeri Asemrowo II,SD,-7.2475753,112.7132831
way/461059146,SD KH. Mas Alwi,SD,-7.2483165,112.7073529
way/461132191,SD Negeri Simomulyo V/102,SD,-7.2732934,112.7060147
way/461132213,MI-SMP Al Karimah,MI,-7.2701543,112.7004098
way/461268538,SMPN 57 Surabaya,SMP,-7.3443903,112.7389669
way/461273607,SD Negeri Klakah Rejo II,SD,-7.2501011,112.6484755
way/461275733,SD Negeri Balongsari I,SD,-7.2622725,112.6769877
way/461277738,SD Negeri Kandangan I,SD,-7.2519145,112.6518207
way/461297555,SMP Al Amin,SMP,-7.3383531,112.7686179
way/461326831,SD Negeri Kandangan II,SD,-7.2563362,112.6584423
way/461332683,Yayasan Pendidikan Ittaqu (MTs Ittaqu),MTs,-7.3399622,112.7245206
way/461332896,MTs Ittaqu,MTs,-7.3399034,112.7243355
way/461336998,SD Negeri Penjaringan Sari II,SD,-7.3190313,112.7866784
way/461337000,SD Negeri Penjaringan I / 271,SD,-7.3151706,112.7838036
way/461994605,SD Negeri Rungkut Menanggal II,SD,-7.3364419,112.7775149
way/462005446,TK dan SD Islam Nurul Huda,SD,-7.3357637,112.7272851
way/462008454,SD Miftahul Ulum,SD,-7.3338995,112.7673859
way/462034575,SD Negeri Kandangan III,SD,-7.2619886,112.6570537
way/462036147,SD Al-Ahmadi,SD,-7.2546353,112.7115898
way/462036167,SD Negeri Simomulyo VIII,SD,-7.2553243,112.7126987
way/462041217,SDN Babatan 1,SD,-7.3118283,112.6842161
way/462235861,SD Negeri Pagesangan,SD,-7.334464,112.7084318
way/462262270,SD Negeri Bibis,SD,-7.2583328,112.6746641
way/462264562,SD Al Najiya,SD,-7.306585,112.7542553
way/462265616,SMP Brawijaya 2 Surabaya,SMP,-7.2632397,112.6712075
way/462266162,MI Miftahul Huda,MI,-7.2697323,112.6760944
way/462285615,SD Negeri Babat Jerawat II/498,SD,-7.2465457,112.6292014
way/462285618,SD/MI Haji Hasyim,SD,-7.24823,112.6292615
way/462285633,SD Al Kautsar,SD,-7.2359129,112.6274061
way/462285634,SD Negeri Babat Jerawat I/118,SD,-7.2399596,112.6250754
way/462285642,MI Al Hidayah,MI,-7.2405894,112.6269142
way/462454861,PG TK MI Safinda Surabaya,MI,-7.3341721,112.7670113
way/462454867,SMP Miftahul Ulum,SMP,-7.3343339,112.7657711
way/462457343,SD Negeri Kedurus III,SD,-7.3233848,112.7067005
way/462458811,SD Negeri Kedurus I,SD,-7.3175959,112.7090948
way/462688138,SMP Negeri 49 Surabaya,SMP,-7.3421234,112.7523244
way/462689478,SD Negeri Kutisari 2,SD,-7.3352442,112.7472824
way/462689479,SD Negeri Kutisari 2,SD,-7.3306671,112.7440776
way/462690532,MI Muhammadiyah 23 Surabaya,MI,-7.2505049,112.6743988
way/462692108,SMP Al Islah,SMP,-7.3372325,112.7809012
way/462694319,TK-SD-SMP-SMA Yayasan Santa Louisa,SD,-7.2575737,112.7214018
way/462704780,SD Negeri Wonokromo III/ 392,SD,-7.3060331,112.7294356
way/462704783,SMP & SMA Khadijah Surabaya,SMP,-7.3056224,112.7352903
way/462704789,SMP Negeri 32 Surabaya,SMP,-7.3068152,112.733777
way/462705568,MI NU Miftahul Ulum,MI,-7.2286825,112.6834355
way/462706958,KB-TK-SD-SMP-SMA Sekolah Citra Berkat,SD,-7.2524273,112.6306845
way/462706959,KB-TK-SD Al Manar,SD,-7.2420304,112.6155321
way/462706960,SD Negeri Pakal I/119 & II/120,SD,-7.2380443,112.6223058
way/462706994,SD Islam Terpadu Permata,SD,-7.2418837,112.6226605
way/463359219,SD Al Islah,SD,-7.3381813,112.7807654
way/463393261,SMP & SMA Tanwir,SMP,-7.2485522,112.7120564
way/463571113,SD Negeri Margorejo V No. 407,SD,-7.3143776,112.7411096
way/463575451,SD Negeri Kedung Baruk I / 275,SD,-7.3121226,112.7759586
way/463796372,SD Negeri Tandes Kidul I/110,SD,-7.2614509,112.6870687
way/463796373,SMP Dharma Bakti,SMP,-7.2606995,112.6849164
way/463810113,SD Negeri Margorejo 1,SD,-7.313413,112.7350936
way/463823061,SD Negeri Benowo III/126,SD,-7.2380439,112.6099005
way/463823069,SD Negeri Benowo I,SD,-7.235693,112.6091859
way/463823098,SMP Wachid Hasyim 7 Surabaya,SMP,-7.2350694,112.6122294
way/463823123,SMP Bina Putra,SMP,-7.2373258,112.6105083
way/463823127,SMP Negeri 14 Surabaya,SMP,-7.2376408,112.6090384
way/463823149,SD Islam Terpadu Al Fathimiyyah,SD,-7.2379887,112.6095767
way/463823151,MTs Asy Syafi'iyah,MTs,-7.2358977,112.6147666
way/463823193,SD Negeri Banyu Urip III/ 354,SD,-7.2728702,112.7214565
way/463997907,SMP SMA Suryo Nugroho,SMP,-7.3068811,112.748488
way/464004485,SD Yamastaa,SD,-7.3290634,112.7684478
way/464007608,SD Negeri Sawunggaling VIII/ 389,SD,-7.3012443,112.7209457
way/464035438,SD Negeri Greges 125,SD,-7.2313479,112.6954967
way/464048628,SMP-SMA Al Falah Ketintang,SMP,-7.3131278,112.7240604
way/464048630,SD Negeri Ketintang 1 Surabaya,SD,-7.3096409,112.7248606
way/464049245,SD Negeri Sememi II,SD,-7.2524554,112.6450114
way/464064613,SMP KARTIKA IV / 1,SMP,-7.2961524,112.7277082
way/464064707,SD Negeri Sawunggaling VII / 388,SD,-7.3004425,112.7210274
way/464238729,SMP Negeri 24 Surabaya,SMP,-7.3264189,112.694682
way/464657555,SD Negeri Sememi I Surabaya,SD,-7.24924,112.6353728
way/464657557,MI Miftahur Rahman,MI,-7.2495,112.6369528
way/464842266,SD Negeri Gununganyar Tambak No 628,SD,-7.3371773,112.8036513
way/465066958,"KB, TK, SD Khadijah",SD,-7.3141886,112.7997152
way/465067582,SD Negeri Wonorejo Nomor 274,SD,-7.3113677,112.7968442
way/465070458,SD Islam Nurul Khoir,SD,-7.3109888,112.7966638
way/465070538,SMP Negeri 22 Surabaya,SMP,-7.3363685,112.7170039
way/465070539,SD Negeri Gayungan I-422,SD,-7.3352589,112.728904
way/465070543,SD Negeri Gayungan 2,SD,-7.3325781,112.7225945
way/465077571,SD Negeri Banjar Sugihan I/116,SD,-7.2538787,112.6570344
way/465077574,SD Negeri Banjar Sugihan II/117,SD,-7.2552439,112.6598972
way/465077577,SMP 11 Maret Surabaya,SMP,-7.2555303,112.6596261
way/465077580,SMP Negeri 26 Surabaya,SMP,-7.253002,112.661408
way/465079151,SD Negeri Ngagel I/394,SD,-7.298875,112.7411824
way/465103023,RA-MI Hasyim Ashari,MI,-7.2295106,112.6024125
way/465103029,SD Negeri Sumberrejo I/130,SD,-7.2290842,112.6026899
way/465103037,SD Negeri Sumberrejo II/131,SD,-7.2263691,112.6061368
way/465114831,SD Negeri Romokalisari,SD,-7.196136,112.6474591
way/465114870,KB - TK - MI Sultan Agung,MI,-7.1976927,112.6461483
way/465117745,"TK, SD, SMP, SMK Tunas Harapan",SD,-7.2961975,112.7415728
way/465117749,SD Hang Tuah 1,SD,-7.288559,112.7344281
way/465127629,SMP Negeri 53 Surabaya,SMP,-7.2559564,112.6342834
way/465127630,SD Raden Fatah,SD,-7.2570636,112.6358794
way/465127631,MTs Negeri III Surabaya,MTs,-7.2570505,112.6367378
way/465133047,Yayasan Hang Tuah (TK-SD),SD,-7.2431417,112.790468
way/465138707,SMP Negeri 55 Surabaya,SMP,-7.3353414,112.7118248
way/465318724,SD Negeri Keputih 245,SD,-7.289573,112.7848946
way/465348262,SD Negeri Ngagel Rejo VII Surabaya,SD,-7.295899,112.7497948
way/466281991,SD Negeri Gunung Anyar 273,SD,-7.3332211,112.7834048
way/466551708,SMP Institut Indonesia,SMP,-7.2612079,112.7962228
way/466551713,SD Negeri Kalisari II,SD,-7.2689121,112.7994734
way/466558328,SD Budiyakin,SD,-7.247983,112.7626976
way/466560345,SMP Al Falah Surabaya,SMP,-7.2944606,112.7406139
way/466567070,SDS Citra Widati,SD,-7.3076097,112.7426675
way/466586566,SD Negeri Kalirungkut IV,SD,-7.3262744,112.7784362
way/466592396,Madrasah Ibtidaiyah Al Bukhori,MI,-7.3224013,112.7793956
way/466852184,Sekolah Kreatif SD Muhammadiyah 16 Baratajaya,SD,-7.2993382,112.7558153
way/467064613,SMP PGRI 64,SMP,-7.3406855,112.7258949
way/467067774,MI Ittaqu,MI,-7.3396743,112.7242316
way/467076662,SDN BARATA JAYA,SD,-7.300771,112.7576954
way/467082100,MI Al Karim,MI,-7.3127145,112.7401607
way/467082613,SMP Al Uswah,SMP,-7.2883183,112.7565078
way/467088576,SD Negeri Sukolilo,SD,-7.2404414,112.7962591
way/467091983,SMP Kristen Petra 5,SMP,-7.329816,112.7375733
way/467091987,SD Kristen Petra 9,SD,-7.3298708,112.7384477
way/467091989,SMP Santo Carolus,SMP,-7.3305456,112.7371804
way/467091991,SD Santo Carolus,SD,-7.3304059,112.7365889
way/467106557,SD Muhammadiyah 4 Pucang,SD,-7.2841222,112.7598681
way/467106558,SD Negeri Kertajaya,SD,-7.2834351,112.7598779
way/467106562,SMP Muhammadiyah 5,SMP,-7.2834424,112.7591879
way/467106566,SD Muhammadiyah 4 Pucang,SD,-7.2840111,112.7595527
way/467106710,SD Muhammadiyah 9,SD,-7.2406879,112.7979905
way/467108109,SD Negeri Kertajaya IX nomor 215,SD,-7.284033,112.7517944
way/467114702,SD Negeri Bendul Merisi,SD,-7.3105138,112.7416009
way/467117563,SD Negeri Kendang Sari III,SD,-7.3187182,112.763671
way/467117570,SD Negeri Kendang Sari IV nomor 279,SD,-7.323502,112.765009
way/467117572,SMP N 17 Surabaya,SMP,-7.3194077,112.763452
way/467117580,SD Taruna,SD,-7.3192897,112.7688721
way/467119248,SD Yayasan Masjid Tholabuddin,SD,-7.3267265,112.7703972
way/467125934,SMP Negeri 47 Surabaya,SMP,-7.2651113,112.6725182
way/467337204,TK SD Serbaguna,SD,-7.2736204,112.7368037
way/467337946,SD-SMP Muhammadiyah 14 Surabaya,SD,-7.2573504,112.6682665
way/467339094,SD Negeri Tambaksari I,SD,-7.2515303,112.7538699
way/467352117,SMP Dorowati,SMP,-7.2600907,112.6633411
way/467385128,SD Negeri Manukan Kulon I,SD,-7.2633219,112.664978
way/467390640,SD Negeri Warugunung II No 449,SD,-7.3460253,112.6786172
way/467406992,SD Negeri Manukan Kulon II/499 - III/540,SD,-7.2620062,112.6661781
way/467412428,SD Negeri Manukan Kulon VI,SD,-7.2687333,112.6632282
way/467412430,SD Khadijah III,SD,-7.2694633,112.6693295
way/467871091,SD Negeri Bubutan IV,SD,-7.2516537,112.729888
way/467878990,SD Negeri Jemur Wonosari III/526,SD,-7.3258011,112.7400335
way/467882866,SMP Dhaniswara Surabaya,SMP,-7.2752519,112.7635129
way/467912247,SD Karang Pilang I,SD,-7.3412181,112.6940103
way/467912248,SD Hang Tuah 8,SD,-7.3393035,112.6908861
way/468216814,SD Negeri Sidosermo I,SD,-7.3129366,112.7514111
way/468216914,TK SD AL AZHAR SYIFA BUDI,SD,-7.3119608,112.7529544
way/468592626,Madrasah Tsanawiyah Negeri 3 Kota Surabaya,MTs,-7.3251369,112.796495
way/468597515,SD Negeri Medokan Ayu II,SD,-7.3280093,112.7911258
way/468614192,SD Negeri Medokan Ayu I,SD,-7.3295115,112.7948318
way/468615391,MI Negeri Medokan Ayu,MI,-7.3246549,112.7968495
way/468935765,SD Negeri Dukuh Menanggal I /424,SD,-7.3443246,112.7271711
way/468935777,TK dan SD Bahrul Ulum Yayasan Zakaria Surabaya,SD,-7.344121,112.723876
way/468985556,SD Siti Aminah,SD,-7.3155908,112.7033341
way/469277305,SD Negeri Manukan Wetan I,SD,-7.2588126,112.6722784
way/469278430,MTs Nurul Khoir,MTs,-7.3109779,112.7965396
way/469305793,SD Kyai Ibrahim,SD,-7.337054,112.7324007
way/469305805,SD Negeri Siwalankerto III,SD,-7.3402964,112.7368312
way/469305833,SMP SMA Bina Bangsa,SMP,-7.3361025,112.7326941
way/469321823,SD Negeri Rungkut Kidul II - 581,SD,-7.3280981,112.7780877
way/469351126,SD Negeri Mojo VI Nomor 225,SD,-7.269058,112.7705012
way/470104385,SMP Among Siswa,SMP,-7.3391887,112.7250994
way/470105791,SD Negeri Jemur Wonosari II/525,SD,-7.3241098,112.738138
way/470105792,SD Negeri Jemur Wonosari I,SD,-7.3242351,112.7377834
way/470108524,SMP Negeri 13 Surabaya,SMP,-7.3205003,112.7416806
way/470110534,SD Negeri Kejawen Putih 1,SD,-7.2773006,112.802061
way/470217712,SD Negeri Mulyorejo 1 dan SMP Negeri 45 Surabaya,SD,-7.2637184,112.7852997
way/470433533,SD Negeri Menanggal 601,SD,-7.3396712,112.7177761
way/470442073,SMP Baitussalam Surabaya,SMP,-7.3168483,112.7219834
way/470445398,SDN Jajartunggal III,SD,-7.3140315,112.7003982
way/470500052,SD Katolik Karitas,SD,-7.2670792,112.6621375
way/470613695,SD Muhammadiyah 8 Surabaya,SD,-7.2606395,112.7906719
way/470884154,SD Negeri Gubeng I,SD,-7.2724586,112.7541806
way/470891678,SD Katolik Santa Clara,SD,-7.28781,112.760369
way/470893938,MI Baiturrahman,MI,-7.2789058,112.7511123
way/470896626,SMP Katolik Santa Clara,SMP,-7.2884107,112.760344
way/472632303,SD Negeri Ketintang IV,SD,-7.3269531,112.7210349
way/472649494,SMP BPK,SMP,-7.3134607,112.6957486
way/472649496,SD BPK,SD,-7.3133705,112.6955981
way/473338497,SMP Kartika,SMP,-7.2957005,112.7273589
way/473338498,SD Kartika,SD,-7.2954935,112.7270314
way/473470602,SD Negeri Ngagel Rejo III,SD,-7.2975565,112.7537472
way/473470603,SMP Negeri 48 Surabaya,SMP,-7.2965401,112.7558154
way/473470606,SD Negeri Ngagel Rejo V / 400,SD,-7.2967097,112.7557344
way/473470607,SD Istiqbal,SD,-7.2953903,112.7467135
way/473484316,SMP Santo Yusuf,SMP,-7.336926,112.6987264
way/473484353,SMP Muhammadiyah 6 Surabaya,SMP,-7.3313263,112.7043964
way/473484355,SD Negeri Kebraon 1,SD,-7.3351834,112.702542
way/473498668,SD Yamassa,SD,-7.3178938,112.7767204
way/473500323,SMP Yamastaa,SMP,-7.3291826,112.7685118
way/474304786,SD Negeri Semolowaru 4/614,SD,-7.3037702,112.7756995
way/474343585,SD Negeri Nginden Jangkungan 2 No 611,SD,-7.3023832,112.7694342
way/475201620,SD Negeri Kertajaya I Nomor 2017,SD,-7.2796928,112.7596454
way/475222525,SD Negeri Kertajaya V Nomor 211,SD,-7.2802469,112.7539416
way/475562063,SD Negeri Airlangga III Nomor 200,SD,-7.2756469,112.760769
way/475565448,SD Negeri Mojo VIII Nomor 227,SD,-7.2708142,112.7629625
way/485784187,SMP Muhammadiyah 3,SMP,-7.2635856,112.735634
way/492064090,SMP Garuda SMK Wira Maritim,SMP,-7.2722061,112.6644568
way/492359924,SMP-SMK-SMA Kawung 1,SMP,-7.2371717,112.7303601
way/683886617,SMP Negeri 1 Surabaya,SMP,-7.257337,112.7476506
way/686392876,smp negeri 5 surabaya,SMP,-7.2348959,112.7313598
way/791903104,SDN Banjar Sugihan V / 617,SD,-7.2593346,112.6621736
way/838179852,SMPN 61 Surabaya,SMP,-7.2567109,112.6563233
way/840138001,SMPN 60 Surabaya,SMP,-7.2281531,112.7799192
way/876437947,SMP Kristen Petra 2 Surabaya,SMP,-7.2658743,112.7443201
way/945785753,SD Negeri Kalirungkut I No. 264,SD,-7.3221935,112.7703674
way/1090676246,SDN Kedungdoro VI,SD,-7.266347,112.73344
way/1243541226,SMPN 62 Surabaya,SMP,-7.3417855,112.7947526
way/1374647089,SMPN 59 Surabaya,SMP,-7.3223283,112.6852084
way/1453966502,SDN Sutorejo 1-240,SD,-7.2595864,112.7910639
way/1557888963,SMP Negeri 43 Surabaya,SMP,-7.250846,112.7341139
